1.4443509622208417e-06	1.4443509622208417e-06	-77.25570880721837
7.61018354128451e-06	7.61018354128451e-06	-77.25570879712224
1.8702925819902294e-05	1.8702925819902294e-05	-77.25570874429457
3.472493224954132e-05	3.472493224954132e-05	-77.25570858939336
5.567634664938037e-05	5.567634664938037e-05	-77.25570824665348
8.155703451495633e-05	8.155703451495633e-05	-77.25570760393865
0.00011236676468301399	0.00011236676468301399	-77.25570652275287
0.00014810524318853435	0.00014810524318853435	-77.25570483822543
0.00018877212226470208	0.00018877212226470208	-77.25570235912559
0.00023436700333800964	0.00023436700333800964	-77.25569886787945
0.0002848894381959344	0.0002848894381959344	-77.2556941205725
0.000340338929499584	0.000340338929499584	-77.25568784696556
0.00040071493103155387	0.00040071493103155387	-77.25567975050876
0.00046601684782615616	0.00046601684782615616	-77.2556695083538
0.0005362440362434162	0.0005362440362434162	-77.2556567713721
0.0006113958040142586	0.0006113958040142586	-77.25564116417178
0.0006914714102706498	0.0006914714102706498	-77.2556222851181
0.0007764700655671364	0.0007764700655671364	-77.25559970635148
0.0008663909318980534	0.0008663909318980534	-77.25557297381192
0.0009612331227116244	0.0009612331227116244	-77.25554160726055
0.001060995702922729	0.001060995702922729	-77.25550510030509
0.0011656776889250042	0.0011656776889250042	-77.25546292042651
0.0012752780486025017	0.0012752780486025017	-77.25541450900666
0.0013897957013410678	0.0013897957013410678	-77.25535928135723
0.0015092295180402227	0.0015092295180402227	-77.25529662675095
0.0016335783211249288	0.0016335783211249288	-77.25522590845428
0.001762840884557637	0.001762840884557637	-77.2551464637613
0.001897015933851054	0.001897015933851054	-77.25505760402952
0.002036102146080798	0.002036102146080798	-77.25495861471691
0.0021800981498986127	0.0021800981498986127	-77.25484875542152
0.002329002525546464	0.002329002525546464	-77.25472725992174
0.0024828138048703097	0.0024828138048703097	-77.25459333621913
0.002641530471334752	0.002641530471334752	-77.2544461665826
0.002805150960038194	0.002805150960038194	-77.25428490759421
0.0029736736577283818	0.0029736736577283818	-77.25410869019746
0.0031470969028181695	0.0031470969028181695	-77.25391661974687
0.0033254189854021177	0.0033254189854021177	-77.25370777605954
0.0035086381472733685	0.0035086381472733685	-77.25348121346887
0.003696752581940854	0.003696752581940854	-77.25323596088012
0.003889760434647449	0.003889760434647449	-77.25297102182783
0.0040876598023879	0.0040876598023879	-77.25268537453552
0.004290448733927976	0.004290448733927976	-77.2523779719773
0.004498125229823513	0.004498125229823513	-77.25204774194171
0.004710687242440004	0.004710687242440004	-77.25169358709782
0.004928132675973251	0.004928132675973251	-77.25131438506286
0.005150459386469575	0.005150459386469575	-77.25090898847321
0.005377665181847235	0.005377665181847235	-77.25047622505669
0.00560974782191781	0.00560974782191781	-77.25001489770762
0.005846705018408671	0.005846705018408671	-77.24952378456419
0.006088534434985193	0.006088534434985193	-77.24900163908822
0.0063352336872739	0.0063352336872739	-77.24844719014735
0.006586800342886057	0.006586800342886057	-77.24785914209954
0.006843231921441595	0.006843231921441595	-77.24723617488077
0.0071045258945935386	0.0071045258945935386	-77.24657694409449
0.007370679686053039	0.007370679686053039	-77.24588008110406
0.0076416906716146316	0.0076416906716146316	-77.2451441931283
0.007917556179182217	0.007917556179182217	-77.24436786333881
0.008198273488795482	0.008198273488795482	-77.24354965096117
0.008483839832656548	0.008483839832656548	-77.24268809137801
0.008774252395157223	0.008774252395157223	-77.2417816962356
0.009069508312907093	0.009069508312907093	-77.24082895355309
0.009369604674761334	0.009369604674761334	-77.23982832783464
0.009674538521849796	0.009674538521849796	-77.23877826018499
0.009984306847605928	0.009984306847605928	-77.23767716842747
0.01029890659779642	0.01029890659779642	-77.23652344722576
0.010618334670551566	0.010618334670551566	-77.23531546820831
0.010942587916395519	0.010942587916395519	-77.23405158009662
0.011271663138277543	0.011271663138277543	-77.2327301088358
0.011605557091603602	0.011605557091603602	-77.23134935772977
0.011944266484268107	0.011944266484268107	-77.2299076075785
0.01228778797668656	0.01228778797668656	-77.22840311681975
0.012636118181828526	0.012636118181828526	-77.22683412167365
0.012989253665250722	0.012989253665250722	-77.22519883629109
0.013347190945131315	0.013347190945131315	-77.22349545290557
0.013709926492303903	0.013709926492303903	-77.22172214198893
0.014077456730292537	0.014077456730292537	-77.21987705241031
0.014449778035346805	0.014449778035346805	-77.21795831159929
0.01482688673647764	0.01482688673647764	-77.21596402571274
0.01520877911549362	0.01520877911549362	-77.21389227980515
0.015595451407037442	0.015595451407037442	-77.21174113800328
0.015986899798623166	0.015986899798623166	-77.2095086436847
0.016383120430673748	0.016383120430673748	-77.20719281966
0.016784109396559166	0.016784109396559166	-77.20479166835919
0.017189862742634843	0.017189862742634843	-77.20230317202257
0.01760037646828072	0.01760037646828072	-77.19972529289498
0.018015646525940565	0.018015646525940565	-77.19705597342498
0.01843566882116221	0.01843566882116221	-77.1942931364676
0.01886043921263736	0.01886043921263736	-77.1914346854919
0.019289953512243052	0.019289953512243052	-77.18847850479253
0.019724207485082412	0.019724207485082412	-77.18542245970572
0.020163196849526832	0.020163196849526832	-77.18226439682968
0.02060691727725794	0.02060691727725794	-77.17900214424942
0.02105536439331024	0.02105536439331024	-77.17563351176608
0.021508533776114502	0.021508533776114502	-77.17215629113079
0.021966420957541033	0.021966420957541033	-77.16856825628307
0.022429021422944118	0.022429021422944118	-77.16486716359377
0.022896330611206106	0.022896330611206106	-77.16105075211271
0.023368343914782652	0.023368343914782652	-77.15711674382112
0.023845056679748178	0.023845056679748178	-77.15306284388839
0.024326464205841503	0.024326464205841503	-77.148886740934
0.02481256174651253	0.02481256174651253	-77.14458610729395
0.02530334450896876	0.02530334450896876	-77.14015859929198
0.0257988076542226	0.0257988076542226	-77.13560185751588
0.026298946297139247	0.026298946297139247	-77.1309135070982
0.026803755506484672	0.026803755506484672	-77.12609115800228
0.02731323030497429	0.02731323030497429	-77.12113240531285
0.02782736566932209	0.02782736566932209	-77.11603482953169
0.0283461565302901	0.0283461565302901	-77.11079599687821
0.028869597772738398	0.028869597772738398	-77.10541345959503
0.02939768423567546	0.02939768423567546	-77.09988475625826
0.029930410712309286	0.029930410712309286	-77.09420741209327
0.030467771950098366	0.030467771950098366	-77.08837893929477
0.031009762650803907	0.031009762650803907	-77.0823968373525
0.03155637747054163	0.03155637747054163	-77.07625859338158
0.032107611019834836	0.032107611019834836	-77.06996168245792
0.032663457863667256	0.032663457863667256	-77.0635035679587
0.033223912521536836	0.033223912521536836	-77.05688170190777
0.0337889694675097	0.0337889694675097	-77.05009352532619
0.0343586231302746	0.0343586231302746	-77.04313646858745
0.03493286789319794	0.03493286789319794	-77.0360079517782
0.035511698094378985	0.035511698094378985	-77.02870538506333
0.0360951080267059	0.0360951080267059	-77.02122616905655
0.036683091937911916	0.036683091937911916	-77.01356769519545
0.037275644030631994	0.037275644030631994	-77.00572734612196
0.03787275846246008	0.03787275846246008	-76.99770249606725
0.038474429346006644	0.038474429346006644	-76.98949051124175
0.03908065074895678	0.03908065074895678	-76.98108875023006
0.03969141669412862	0.03969141669412862	-76.97249456439037
0.04030672115953243	0.04030672115953243	-76.96370529825907
0.04092655807842971	0.04092655807842971	-76.95471828995974
0.04155092133939331	0.04155092133939331	-76.94553087161708
0.042179804786367514	0.042179804786367514	-76.93614036977516
0.04281320221872875	0.04281320221872875	-76.92654410582082
0.04345110739134672	0.04345110739134672	-76.91673939641096
0.04409351401464606	0.04409351401464606	-76.90672355390497
0.04474041575466836	0.04474041575466836	-76.896493886801
0.04539180623313438	0.04539180623313438	-76.88604770017704
0.04604767902750728	0.04604767902750728	-76.87538229613614
0.04670802767105575	0.04670802767105575	-76.86449497425583
0.047372845652917606	0.047372845652917606	-76.85338303204186
0.04804212641816452	0.04804212641816452	-76.84204376538584
0.04871586336786593	0.04871586336786593	-76.83047446902698
0.0493940498591548	0.0493940498591548	-76.81867243701788
0.05007667920529263	0.05007667920529263	-76.80663496319397
0.05076374467573552	0.05076374467573552	-76.79435934164678
0.05145523949620073	0.05145523949620073	-76.78184286720094
0.052151156848733116	0.052151156848733116	-76.76908283589464
0.05285148987177268	0.05285148987177268	-76.7560765454635
0.05355623166022205	0.05355623166022205	-76.74282129582816
0.05426537526551456	0.05426537526551456	-76.72931438958453
0.05497891369568286	0.05497891369568286	-76.7155531324977
0.05569683991542773	0.05569683991542773	-76.70153483399862
0.05641914684618754	0.05641914684618754	-76.68725680768364
0.057145827366208046	0.057145827366208046	-76.67271637181712
0.05787687431061256	0.05787687431061256	-76.65791084983627
0.0586122804714726	0.0586122804714726	-76.64283757085889
0.059352038597878964	0.059352038597878964	-76.62749387019325
0.06009614139601316	0.06009614139601316	-76.61187708985042
0.06084458152921962	0.06084458152921962	-76.5959845790585
0.0615973516180775	0.0615973516180775	-76.57981369477903
0.06235444424047393	0.06235444424047393	-76.56336180222506
0.06311585193167707	0.06311585193167707	-76.54662627538096
0.0638815671844094	0.0638815671844094	-76.52960449752378
0.06465158244892222	0.06465158244892222	-76.5122938617459
0.06542589013306976	0.06542589013306976	-76.49469177147894
0.06620448260238421	0.06620448260238421	-76.47679564101865
0.06698735218015073	0.06698735218015073	-76.45860289605065
0.06777449114748352	0.06777449114748352	-76.44011097417712
0.06856589174340172	0.06856589174340172	-76.4213173254435
0.06936154616490581	0.06936154616490581	-76.40221941286624
0.07016144656705481	0.07016144656705481	-76.38281471295997
0.07096558506304346	0.07096558506304346	-76.36310071626542
0.07177395372427997	0.07177395372427997	-76.34307492787637
0.07258654458046437	0.07258654458046437	-76.32273486796703
0.07340334961966677	0.07340334961966677	-76.30207807231817
0.07422436078840683	0.07422436078840683	-76.28110209284293
0.07504956999173262	0.07504956999173262	-76.25980449811155
0.07587896909330089	0.07587896909330089	-76.23818287387489
0.076712549915457	0.076712549915457	-76.21623482358667
0.07755030423931575	0.07755030423931575	-76.19395796892432
0.07839222380484223	0.07839222380484223	-76.17134995030779
0.07923830031093343	0.07923830031093343	-76.14840842741681
0.08008852541549993	0.08008852541549993	-76.12513107970555
0.08094289073554828	0.08094289073554828	-76.1015156069154
0.0818013878472637	0.0818013878472637	-76.0775597295849
0.08266400828609283	0.08266400828609283	-76.05326118955703
0.0835307435468276	0.0835307435468276	-76.02861775048348
0.08440158508368878	0.08440158508368878	-76.00362719832593
0.08527652431041038	0.08527652431041038	-75.97828734185354
0.08615555260032431	0.08615555260032431	-75.9525960131374
0.08703866128644533	0.08703866128644533	-75.92655106804075
0.08792584166155665	0.08792584166155665	-75.90015038670536
0.08881708497829566	0.08881708497829566	-75.87339187403367
0.08971238244924018	0.08971238244924018	-75.84627346016659
0.09061172524699534	0.09061172524699534	-75.81879310095651
0.09151510450428024	0.09151510450428024	-75.79094877843545
0.09242251131401563	0.09242251131401563	-75.76273850127849
0.09333393672941165	0.09333393672941165	-75.73416030526143
0.09424937176405601	0.09424937176405601	-75.70521225371336
0.09516880739200273	0.09516880739200273	-75.67589243796348
0.09609223454786103	0.09609223454786103	-75.64619897778184
0.09701964412688469	0.09701964412688469	-75.61613002181436
0.0979510269850618	0.0979510269850618	-75.5856837480112
0.09888637393920507	0.09888637393920507	-75.55485836404894
0.09982567576704232	0.09982567576704232	-75.52365210774579
0.10076892320730724	0.10076892320730724	-75.49206324747033
0.10171610695983085	0.10171610695983085	-75.46009008254269
0.10266721768563325	0.10266721768563325	-75.42773094362893
0.10362224600701564	0.10362224600701564	-75.39498419312768
0.10458118250765264	0.10458118250765264	-75.3618482255493
0.10554401773268535	0.10554401773268535	-75.32832146788706
0.10651074218881451	0.10651074218881451	-75.2944023799806
0.10748134634439405	0.10748134634439405	-75.260089454871
0.10845582062952508	0.10845582062952508	-75.22538121914755
0.10943415543615026	0.10943415543615026	-75.19027623328611
0.11041634111814846	0.11041634111814846	-75.15477309197873
0.11140236799143022	0.11140236799143022	-75.11887042445444
0.11239222633403256	0.11239222633403256	-75.0825668947911
0.11338590638621554	0.11338590638621554	-75.04586120221795
0.11438339835055811	0.11438339835055811	-75.00875208140921
0.11538469239205462	0.11538469239205462	-74.97123830276793
0.11638977863821215	0.11638977863821215	-74.93331867270035
0.11739864717914755	0.11739864717914755	-74.89499203388065
0.1184112880676853	0.1184112880676853	-74.85625726550589
0.11942769131945546	0.11942769131945546	-74.81711328354075
0.12044784691299232	0.12044784691299232	-74.77755904095253
0.12147174478983291	0.12147174478983291	-74.7375935279358
0.12249937485461643	0.12249937485461643	-74.69721577212668
0.12353072697518375	0.12353072697518375	-74.65642483880688
0.12456579098267723	0.12456579098267723	-74.61521983109724
0.12560455667164083	0.12560455667164083	-74.57359989014049
0.12664701380012128	0.12664701380012128	-74.53156419527366
0.12769315208976834	0.12769315208976834	-74.48911196418953
0.12874296122593665	0.12874296122593665	-74.44624245308722
0.12979643085778741	0.12979643085778741	-74.40295495681214
0.13085355059839004	0.13085355059839004	-74.35924880898476
0.13191431002482507	0.13191431002482507	-74.31512338211854
0.1329786986782866	0.1329786986782866	-74.27057808772666
0.1340467060641855	0.1340467060641855	-74.22561237641793
0.13511832165225296	0.13511832165225296	-74.18022573798113
0.13619353487664426	0.13619353487664426	-74.13441770145874
0.13727233513604292	0.13727233513604292	-74.08818783520918
0.13835471179376518	0.13835471179376518	-74.04153574695776
0.13944065417786505	0.13944065417786505	-73.99446108383678
0.14053015158123944	0.14053015158123944	-73.94696353241419
0.1416231932617335	0.1416231932617335	-73.89904281871105
0.14271976844224704	0.14271976844224704	-73.85069870820799
0.14381986631084037	0.14381986631084037	-73.80193100584026
0.14492347602084094	0.14492347602084094	-73.75273955598183
0.14603058669095054	0.14603058669095054	-73.70312424241831
0.14714118740535231	0.14714118740535231	-73.65308498830885
0.14825526721381854	0.14825526721381854	-73.60262175613673
0.14937281513181855	0.14937281513181855	-73.55173454764956
0.15049382014062707	0.15049382014062707	-73.50042340378786
0.15161827118743276	0.15161827118743276	-73.44868840460329
0.15274615718544732	0.15274615718544732	-73.39652966916586
0.15387746701401472	0.15387746701401472	-73.34394735546044
0.15501218951872087	0.15501218951872087	-73.2909416602727
0.1561503135115036	0.1561503135115036	-73.23751281906449
0.15729182777076295	0.15729182777076295	-73.18366110583864
0.15843672104147188	0.15843672104147188	-73.12938683299357
0.15958498203528726	0.15958498203528726	-73.07469035116758
0.16073659943066088	0.16073659943066088	-73.01957204907298
0.1618915618729515	0.1618915618729515	-72.96403235332023
0.16304985797453664	0.16304985797453664	-72.90807172823213
0.1642114763149246	0.1642114763149246	-72.85169067564829
0.16537640544086746	0.16537640544086746	-72.79488973472002
0.1665446338664739	0.1665446338664739	-72.73766948169542
0.1677161500733222	0.1677161500733222	-72.68003052969557
0.16889094251057407	0.16889094251057407	-72.62197352848116
0.17006899959508848	0.17006899959508848	-72.56349916421011
0.17125030971153582	0.17125030971153582	-72.50460815918643
0.1724348612125125	0.1724348612125125	-72.44530127160012
0.17362264241865566	0.17362264241865566	-72.38557929525884
0.17481364161875845	0.17481364161875845	-72.32544305931079
0.17600784706988554	0.17600784706988554	-72.26489342795954
0.17720524699748857	0.17720524699748857	-72.2039313001709
0.17840582959552276	0.17840582959552276	-72.1425576093717
0.17960958302656294	0.17960958302656294	-72.08077332314106
0.18081649542192035	0.18081649542192035	-72.0185794428942
0.18202655488175967	0.18202655488175967	-71.9559770035586
0.18323974947521637	0.18323974947521637	-71.89296707324364
0.18445606724051444	0.18445606724051444	-71.82955075290275
0.18567549618508405	0.18567549618508405	-71.76572917598901
0.18689802428568014	0.18689802428568014	-71.70150350810464
0.1881236394885007	0.1881236394885007	-71.63687494664367
0.1893523297093057	0.1893523297093057	-71.57184472042876
0.19058408283353628	0.19058408283353628	-71.50641408934193
0.1918188867164342	0.1918188867164342	-71.4405843439501
0.19305672918316152	0.19305672918316152	-71.3743568051245
0.19429759802892066	0.19429759802892066	-71.30773282365539
0.1955414810190747	0.1955414810190747	-71.24071377986141
0.19678836588926818	0.19678836588926818	-71.17330108319423
0.1980382403455478	0.1980382403455478	-71.10549617183878
0.1992910920644838	0.1992910920644838	-71.03730051230856
0.2005469086932914	0.2005469086932914	-70.96871559903751
0.20180567784995251	0.20180567784995251	-70.89974295396738
0.20306738712333794	0.20306738712333794	-70.83038412613152
0.20433202407332984	0.20433202407332984	-70.7606406912353
0.2055995762309441	0.2055995762309441	-70.69051425123311
0.20687003109845353	0.20687003109845353	-70.62000643390239
0.20814337614951095	0.20814337614951095	-70.54911889241458
0.20941959882927275	0.20941959882927275	-70.47785330490375
0.21069868655452262	0.21069868655452262	-70.4062113740326
0.21198062671379575	0.21198062671379575	-70.3341948265563
0.2132654066675031	0.2132654066675031	-70.26180541288436
0.21455301374805585	0.21455301374805585	-70.1890449066408
0.2158434352599906	0.2158434352599906	-70.11591510422255
0.2171366584800944	0.2171366584800944	-70.04241782435666
0.2184326706575302	0.2184326706575302	-69.96855490765643
0.21973145901396252	0.21973145901396252	-69.8943282161763
0.22103301074368348	0.22103301074368348	-69.8197396329664
0.2223373130137392	0.2223373130137392	-69.74479106162616
0.22364435296405605	0.22364435296405605	-69.66948442585803
0.22495411770756774	0.22495411770756774	-69.59382166902053
0.22626659433034213	0.22626659433034213	-69.5178047536819
0.2275817698917087	0.2275817698917087	-69.44143566117366
0.22889963142438619	0.22889963142438619	-69.36471639114464
0.23022016593461025	0.23022016593461025	-69.2876489611158
0.2315433604022618	0.2315433604022618	-69.2102354060357
0.23286920178099518	0.23286920178099518	-69.132477777837
0.23419767699836702	0.23419767699836702	-69.05437814499423
0.23552877295596486	0.23552877295596486	-68.97593859208266
0.23686247652953657	0.23686247652953657	-68.89716121933904
0.23819877456911948	0.23819877456911948	-68.8180481422237
0.23953765389917037	0.23953765389917037	-68.73860149098458
0.2408791013186949	0.2408791013186949	-68.65882341022343
0.24222310360137833	0.24222310360137833	-68.57871605846402
0.24356964749571552	0.24356964749571552	-68.49828160772253
0.24491871972514168	0.24491871972514168	-68.41752224308084
0.24627030698816343	0.24627030698816343	-68.33644016226187
0.24762439595848967	0.24762439595848967	-68.25503757520819
0.24898097328516328	0.24898097328516328	-68.17331670366315
0.2503400255926925	0.2503400255926925	-68.09127978075527
0.251701539481183	0.251701539481183	-68.00892905058562
0.25306550152646984	0.25306550152646984	-67.92626676781856
0.2544318982802499	0.2544318982802499	-67.84329519727599
0.2558007162702147	0.2558007162702147	-67.76001661353469
0.2571719420001827	0.2571719420001827	-67.67643330052802
0.2585455619502327	0.2585455619502327	-67.59254755115069
0.2599215625768375	0.2599215625768375	-67.50836166686769
0.26129993031299664	0.26129993031299664	-67.42387795732718
0.26268065156837084	0.26268065156837084	-67.33909873997733
0.26406371272941564	0.26406371272941564	-67.25402633968733
0.2654491001595157	0.2654491001595157	-67.16866308837272
0.2668368001991195	0.2668368001991195	-67.08301132462488
0.2682267991658735	0.2682267991658735	-66.9970733933451
0.2696190833547576	0.2696190833547576	-66.91085164538298
0.2710136390382198	0.2710136390382198	-66.82434843717938
0.27241045246631196	0.27241045246631196	-66.73756613041424
0.27380950986682506	0.27380950986682506	-66.65050709165855
0.2752107974454252	0.2752107974454252	-66.56317369203181
0.2766143013857895	0.2766143013857895	-66.4755683068635
0.27802000784974223	0.27802000784974223	-66.38769331536005
0.2794279029773915	0.2794279029773915	-66.29955110027637
0.28083797288726564	0.28083797288726564	-66.21114404759234
0.2822502036764504	0.2822502036764504	-66.12247454619455
0.2836645814207256	0.2836645814207256	-66.03354498756265
0.2850810921747028	0.2850810921747028	-65.94435776546116
0.2864997219719627	0.2864997219719627	-65.8549152756363
0.28792045682519274	0.28792045682519274	-65.76521991551759
0.2893432827263249	0.2893432827263249	-65.67527408392516
0.29076818564667434	0.29076818564667434	-65.58508018078176
0.292195151537077	0.292195151537077	-65.49464060683025
0.2936241663280287	0.2936241663280287	-65.40395776335606
0.29505521592982353	0.29505521592982353	-65.31303405191511
0.29648828623269297	0.29648828623269297	-65.2218718740667
0.29792336310694495	0.29792336310694495	-65.13047363111176
0.29936043240310306	0.29936043240310306	-65.03884172383636
0.30079947995204614	0.30079947995204614	-64.94697855226025
0.3022404915651481	0.3022404915651481	-64.85488651539089
0.30368345303441746	0.30368345303441746	-64.76256801098235
0.30512835013263795	0.30512835013263795	-64.67002543529975
0.3065751686135083	0.3065751686135083	-64.57726118288865
0.3080238942117831	0.3080238942117831	-64.48427764634965
0.3094745126434131	0.3094745126434131	-64.39107721611819
0.3109270096056863	0.3109270096056863	-64.29766228024947
0.312381370777369	0.312381370777369	-64.20403522420833
0.31383758181884663	0.31383758181884663	-64.11019843066447
0.31529562837226555	0.31529562837226555	-64.01615427929254
0.3167554960616745	0.3167554960616745	-63.921905146577096
0.31821717049316633	0.31821717049316633	-63.82745340562289
0.31968063725501966	0.31968063725501966	-63.73280142596996
0.32114588191784144	0.32114588191784144	-63.63795157341347
0.3226128900347089	0.3226128900347089	-63.54290620982851
0.32408164714131205	0.32408164714131205	-63.44766769299999
0.32555213875609645	0.32555213875609645	-63.35223837645683
0.3270243503804058	0.3270243503804058	-63.25662060931138
0.3284982674986249	0.3284982674986249	-63.160816736103136
0.3299738755783229	0.3299738755783229	-63.06482909664734
0.33145116007039654	0.33145116007039654	-62.96866002588821
0.3329301064092135	0.3329301064092135	-62.872311853756464
0.3344107000127562	0.3344107000127562	-62.77578690503162
0.33589292628276535	0.33589292628276535	-62.6790874992086
0.33737677060488414	0.33737677060488414	-62.58221595036862
0.338862218348802	0.338862218348802	-62.48517456705475
0.3403492548683993	0.3403492548683993	-62.38796565215136
0.3418378655018912	0.3418378655018912	-62.29059150276793
0.3433280355719729	0.3433280355719729	-62.19305441012724
0.3448197503859636	0.3448197503859636	-62.095356659457266
0.34631299523595194	0.34631299523595194	-61.99750052988727
0.3478077553989408	0.3478077553989408	-61.89948829434816
0.34930401613699236	0.34930401613699236	-61.801322219476155
0.3508017626973737	0.3508017626973737	-61.703004565520935
0.3523009803127019	0.3523009803127019	-61.60453758625711
0.35380165420109	0.35380165420109	-61.505923528899665
0.3553037695662925	0.3553037695662925	-61.4071646340229
0.3568073115978513	0.3568073115978513	-61.30826313548321
0.35831226547124173	0.35831226547124173	-61.20922126034509
0.3598186163480188	0.3598186163480188	-61.110041228810665
0.36132634937596353	0.36132634937596353	-61.01072525415298
0.362835449689229	0.362835449689229	-60.91127554265199
0.3643459024084875	0.3643459024084875	-60.81169429353438
0.3658576926410768	0.3658576926410768	-60.71198369891622
0.3673708054811473	0.3673708054811473	-60.61214594374902
0.3688852260098088	0.3688852260098088	-60.512183205768494
0.3704009392952773	0.3704009392952773	-60.41209765544679
0.3719179303930231	0.3719179303930231	-60.311891455947105
0.37343618434591724	0.37343618434591724	-60.2115667630817
0.3749556861843795	0.3749556861843795	-60.11112572527239
0.3764764209265258	0.3764764209265258	-60.01057048351366
0.37799837357831595	0.37799837357831595	-59.9099031713389
0.3795215291337015	0.3795215291337015	-59.809125914788744
0.38104587257477374	0.38104587257477374	-59.708240832382266
0.38257138887191156	0.38257138887191156	-59.60725003509046
0.38409806298393	0.38409806298393	-59.50615562631226
0.38562587985822827	0.38562587985822827	-59.404959701852796
0.3871548244309382	0.3871548244309382	-59.30366434990397
0.38868488162707293	0.38868488162707293	-59.2022716510273
0.39021603636067526	0.39021603636067526	-59.10078367813872
0.3917482735349668	0.3917482735349668	-58.99920249649571
0.3932815780424963	0.3932815780424963	-58.89753016368631
0.3948159347652891	0.3948159347652891	-58.795768729620065
0.39635132857499594	0.39635132857499594	-58.69392023652107
0.3978877443330421	0.3978877443330421	-58.59198671892252
0.39942516689077673	0.39942516689077673	-58.48997020366341
0.40096358108962227	0.40096358108962227	-58.38787270988671
0.40250297176122374	0.40250297176122374	-58.28569624903937
0.40404332372759844	0.40404332372759844	-58.183442824873666
0.4055846218012857	0.4055846218012857	-58.08111443345049
0.40712685078549615	0.40712685078549615	-57.97871306314383
0.4086699954742623	0.4086699954742623	-57.8762406946467
0.41021404065258776	0.41021404065258776	-57.773699300978734
0.41175897109659765	0.41175897109659765	-57.67109084749474
0.41330477157368856	0.41330477157368856	-57.56841729189479
0.41485142684267884	0.41485142684267884	-57.46568058423543
0.41639892165395886	0.41639892165395886	-57.36288266694219
0.4179472407496413	0.4179472407496413	-57.26002547482292
0.41949636886371144	0.41949636886371144	-57.15711093508258
0.42104629072217814	0.42104629072217814	-57.05414096733878
0.4225969910432239	0.4225969910432239	-56.95111748363851
0.42414845453735595	0.42414845453735595	-56.84804238847544
0.42570066590755684	0.42570066590755684	-56.7449175788086
0.4272536098494351	0.4272536098494351	-56.64174494408156
0.4288072710513765	0.4288072710513765	-56.53852636624248
0.43036163419469464	0.43036163419469464	-56.43526371976481
0.4319166839537823	0.4319166839537823	-56.33195887166895
0.43347240499626233	0.43347240499626233	-56.22861368154462
0.4350287819831389	0.4350287819831389	-56.12523000157316
0.43658579956894883	0.43658579956894883	-56.02180967655127
0.43814344240191266	0.43814344240191266	-55.91835454391486
0.43970169512408636	0.43970169512408636	-55.81486643376352
0.44126054237151235	0.44126054237151235	-55.71134716888533
0.4428199687743713	0.4428199687743713	-55.607798564782364
0.44437995895713356	0.44437995895713356	-55.50422242969619
0.44594049753871073	0.44594049753871073	-55.40062056463409
0.44750156913260736	0.44750156913260736	-55.29699476339561
0.4490631583470726	0.4490631583470726	-55.19334681259896
0.4506252497852521	0.4506252497852521	-55.0896784917082
0.4521878280453396	0.4521878280453396	-54.98599157306037
0.453750877720729	0.453750877720729	-54.88228782189287
0.455314383400166	0.455314383400166	-54.778568996371014
0.45687832966790054	0.45687832966790054	-54.674836847615744
0.45844270110383817	0.45844270110383817	-54.571093119731536
0.4600074822836925	0.4600074822836925	-54.46733954983401
0.46157265777913725	0.46157265777913725	-54.363577868078124
0.46313821215795814	0.46313821215795814	-54.25980979768609
0.4647041299842054	0.4647041299842054	-54.15603705497523
0.4662703958183455	0.4662703958183455	-54.05226134938632
0.467836994217414	0.467836994217414	-53.94848438351051
0.46940390973516705	0.46940390973516705	-53.844707853118585
0.4709711269222344	0.4709711269222344	-53.740933447187686
0.47253863032627136	0.47253863032627136	-53.63716284792934
0.47410640449211106	0.47410640449211106	-53.53339773081691
0.4756744339619172	0.4756744339619172	-53.42963976461294
0.47724270327533613	0.47724270327533613	-53.32589061139642
0.47881119696964947	0.47881119696964947	-53.22215192658978
0.4803798995799264	0.4803798995799264	-53.11842535898567
0.48194879563917636	0.48194879563917636	-53.014712550773595
0.48351786967850136	0.48351786967850136	-52.91101513756621
0.4850871062272486	0.4850871062272486	-52.80733474842552
0.486656489813163	0.486656489813163	-52.70367300588857
0.4882260049625397	0.4882260049625397	-52.600031525993224
0.4897956362003767	0.4897956362003767	-52.4964119183032
0.4913653680505274	0.4913653680505274	-52.392815785933095
0.492935185035853	0.492935185035853	-52.28924472557307
0.4945050716783756	0.4945050716783756	-52.185700327513146
0.49607501249943037	0.49607501249943037	-52.08218417566709
0.49764499201981816	0.49764499201981816	-51.97869784759614
0.4992149947599584	0.4992149947599584	-51.8752429145321
0.5007850052400415	0.5007850052400415	-51.7718209414004
0.5023550079801818	0.5023550079801818	-51.66843348684246
0.5039249875005697	0.5039249875005697	-51.565082103237835
0.5054949283216243	0.5054949283216243	-51.46176833672597
0.507064814964147	0.507064814964147	-51.35849372722742
0.5086346319494727	0.5086346319494727	-51.255259808464935
0.5102043637996233	0.5102043637996233	-51.1520681079837
0.5117739950374602	0.5117739950374602	-51.048920147171664
0.513343510186837	0.513343510186837	-50.94581744127901
0.5149128937727514	0.5149128937727514	-50.842761499437444
0.5164821303214986	0.5164821303214986	-50.739753824679
0.5180512043608236	0.5180512043608236	-50.6367959139543
0.5196201004200736	0.5196201004200736	-50.533889258150694
0.5211888030303505	0.5211888030303505	-50.43103534210936
0.5227572967246639	0.5227572967246639	-50.32823564464272
0.5243255660380828	0.5243255660380828	-50.225491638550785
0.525893595507889	0.525893595507889	-50.12280479063729
0.5274613696737287	0.5274613696737287	-50.0201765617256
0.5290288730777656	0.5290288730777656	-49.91760840667366
0.5305960902648329	0.5305960902648329	-49.81510177438895
0.532163005782586	0.532163005782586	-49.71265810784283
0.5337296041816545	0.5337296041816545	-49.610278844084405
0.5352958700157946	0.5352958700157946	-49.507965414253995
0.5368617878420419	0.5368617878420419	-49.405719243596046
0.5384273422208627	0.5384273422208627	-49.30354175147187
0.5399925177163075	0.5399925177163075	-49.20143435137155
0.5415572988961619	0.5415572988961619	-49.09939845092577
0.5431216703320995	0.5431216703320995	-48.99743545191709
0.5446856165998339	0.5446856165998339	-48.89554675029053
0.546249122279271	0.546249122279271	-48.79373373616419
0.5478121719546604	0.5478121719546604	-48.69199779383909
0.5493747502147479	0.5493747502147479	-48.590340301808624
0.5509368416529274	0.5509368416529274	-48.488762632767845
0.5524984308673927	0.5524984308673927	-48.38726615362196
0.5540595024612893	0.5540595024612893	-48.28585222549478
0.5556200410428664	0.5556200410428664	-48.18452220373633
0.5571800312256288	0.5571800312256288	-48.08327743793066
0.5587394576284876	0.5587394576284876	-47.982119271902604
0.5602983048759137	0.5602983048759137	-47.881049043724644
0.5618565575980874	0.5618565575980874	-47.78006808572305
0.5634142004310512	0.5634142004310512	-47.67917772448393
0.5649712180168611	0.5649712180168611	-47.578379280858684
0.5665275950037377	0.5665275950037377	-47.47767406996908
0.5680833160462178	0.5680833160462178	-47.377063401212226
0.5696383658053054	0.5696383658053054	-47.27654857826495
0.5711927289486235	0.5711927289486235	-47.17613089908779
0.5727463901505648	0.5727463901505648	-47.07581165592866
0.5742993340924432	0.5742993340924432	-46.97559213532653
0.575851545462644	0.575851545462644	-46.875473618114405
0.5774030089567761	0.5774030089567761	-46.775457379421916
0.5789537092778219	0.5789537092778219	-46.67554468867785
0.5805036311362886	0.5805036311362886	-46.57573680961238
0.5820527592503587	0.5820527592503587	-46.47603500025861
0.5836010783460411	0.5836010783460411	-46.37644051295401
0.5851485731573212	0.5851485731573212	-46.27695459434298
0.5866952284263115	0.5866952284263115	-46.17757848537561
0.5882410289034024	0.5882410289034024	-46.07831342130977
0.5897859593474123	0.5897859593474123	-45.97916063171134
0.5913300045257377	0.5913300045257377	-45.88012134045408
0.5928731492145038	0.5928731492145038	-45.78119676571982
0.5944153781987144	0.5944153781987144	-45.682388119997974
0.5959566762724016	0.5959566762724016	-45.58369661008496
0.5974970282387763	0.5974970282387763	-45.48512343708345
0.5990364189103777	0.5990364189103777	-45.386669796401364
0.6005748331092232	0.6005748331092232	-45.288336877750545
0.6021122556669579	0.6021122556669579	-45.19012586514551
0.603648671425004	0.603648671425004	-45.09203793690156
0.6051840652347109	0.6051840652347109	-44.994074265633294
0.6067184219575037	0.6067184219575037	-44.89623601825229
0.6082517264650332	0.6082517264650332	-44.79852435596524
0.6097839636393247	0.6097839636393247	-44.70094043427141
0.6113151183729271	0.6113151183729271	-44.60348540296023
0.6128451755690618	0.6128451755690618	-44.50616040610872
0.6143741201417717	0.6143741201417717	-44.40896658207869
0.61590193701607	0.61590193701607	-44.311905063513905
0.6174286111280884	0.6174286111280884	-44.21497697733685
0.6189541274252263	0.6189541274252263	-44.11818344474598
0.6204784708662985	0.6204784708662985	-44.02152558121216
0.622001626421684	0.622001626421684	-43.92500449647547
0.6235235790734742	0.6235235790734742	-43.828621294541776
0.6250443138156205	0.6250443138156205	-43.73237707367927
0.6265638156540827	0.6265638156540827	-43.63627292641472
0.6280820696069769	0.6280820696069769	-43.54030993953008
0.6295990607047227	0.6295990607047227	-43.4444891940586
0.6311147739901912	0.6311147739901912	-43.34881176528105
0.6326291945188527	0.6326291945188527	-43.25327872272213
0.6341423073589232	0.6341423073589232	-43.15789113014647
0.6356540975915125	0.6356540975915125	-43.062650045554754
0.637164550310771	0.637164550310771	-42.9675565211799
0.6386736506240365	0.6386736506240365	-42.87261160348324
0.6401813836519812	0.6401813836519812	-42.77781633315046
0.6416877345287583	0.6416877345287583	-42.68317174508775
0.6431926884021487	0.6431926884021487	-42.588678868418086
0.6446962304337075	0.6446962304337075	-42.494338726477054
0.64619834579891	0.64619834579891	-42.40015233680923
0.647699019687298	0.647699019687298	-42.30612071116435
0.6491982373026264	0.6491982373026264	-42.21224485549339
0.6506959838630076	0.6506959838630076	-42.11852576994492
0.6521922446010592	0.6521922446010592	-42.02496444886147
0.6536870047640481	0.6536870047640481	-41.931561880775746
0.6551802496140364	0.6551802496140364	-41.838319048407236
0.6566719644280271	0.6566719644280271	-41.74523692865863
0.6581621344981088	0.6581621344981088	-41.65231649261236
0.6596507451316007	0.6596507451316007	-41.559558705527394
0.6611377816511981	0.6611377816511981	-41.466964526835895
0.6626232293951159	0.6626232293951159	-41.37453491014011
0.6641070737172347	0.6641070737172347	-41.282270803209386
0.6655892999872438	0.6655892999872438	-41.19017314797709
0.6670698935907865	0.6670698935907865	-41.09824288053794
0.6685488399296035	0.6685488399296035	-41.00648093114525
0.6700261244216771	0.6700261244216771	-40.91488822420834
0.6715017325013751	0.6715017325013751	-40.823465678290184
0.6729756496195942	0.6729756496195942	-40.73221420610497
0.6744478612439035	0.6744478612439035	-40.64113471451611
0.675918352858688	0.675918352858688	-40.550228104534135
0.6773871099652911	0.6773871099652911	-40.459495271314765
0.6788541180821586	0.6788541180821586	-40.36893710415741
0.6803193627449804	0.6803193627449804	-40.27855448650342
0.6817828295068337	0.6817828295068337	-40.18834829593505
0.6832445039383255	0.6832445039383255	-40.098319404173964
0.6847043716277345	0.6847043716277345	-40.00846867708025
0.6861624181811534	0.6861624181811534	-39.918796974651755
0.687618629222631	0.687618629222631	-39.82930515102339
0.6890729903943137	0.6890729903943137	-39.73999405446664
0.6905254873565869	0.6905254873565869	-39.650864527389416
0.6919761057882169	0.6919761057882169	-39.56191740633585
0.6934248313864917	0.6934248313864917	-39.47315352198674
0.694871649867362	0.694871649867362	-39.384573699159475
0.6963165469655825	0.6963165469655825	-39.2961787568092
0.6977595084348519	0.6977595084348519	-39.20796950802913
0.6992005200479539	0.6992005200479539	-39.119946760051754
0.7006395675968969	0.7006395675968969	-39.032111314250216
0.7020766368930551	0.7020766368930551	-38.94446396613952
0.703511713767307	0.703511713767307	-38.857005505378524
0.7049447840701765	0.7049447840701765	-38.76973671577164
0.7063758336719713	0.7063758336719713	-38.68265837527132
0.707804848462923	0.707804848462923	-38.59577125598007
0.7092318143533256	0.7092318143533256	-38.509076124153495
0.7106567172736751	0.7106567172736751	-38.42257374020309
0.7120795431748073	0.7120795431748073	-38.33626485869934
0.7135002780280373	0.7135002780280373	-38.250150228375226
0.7149189078252972	0.7149189078252972	-38.164230592129925
0.7163354185792744	0.7163354185792744	-38.07850668703263
0.7177497963235496	0.7177497963235496	-37.99297924432692
0.7191620271127344	0.7191620271127344	-37.90764898943505
0.7205720970226085	0.7205720970226085	-37.82251664196283
0.7219799921502578	0.7219799921502578	-37.73758291570448
0.7233856986142104	0.7233856986142104	-37.652848518648064
0.7247892025545748	0.7247892025545748	-37.568314152980804
0.7261904901331749	0.7261904901331749	-37.48398051509523
0.727589547533688	0.727589547533688	-37.399848295594786
0.7289863609617802	0.7289863609617802	-37.31591817930068
0.7303809166452424	0.7303809166452424	-37.232190845258195
0.7317732008341264	0.7317732008341264	-37.148666966743754
0.7331631998008805	0.7331631998008805	-37.065347211272034
0.7345508998404843	0.7345508998404843	-36.982232240603636
0.7359362872705844	0.7359362872705844	-36.899322710752585
0.7373193484316292	0.7373193484316292	-36.81661927199454
0.7387000696870034	0.7387000696870034	-36.734122568875144
0.7400784374231625	0.7400784374231625	-36.65183324021862
0.7414544380497673	0.7414544380497673	-36.56975191913653
0.7428280579998173	0.7428280579998173	-36.487879233037305
0.7441992837297853	0.7441992837297853	-36.40621580363538
0.7455681017197501	0.7455681017197501	-36.32476224696119
0.7469344984735302	0.7469344984735302	-36.24351917337115
0.748298460518817	0.748298460518817	-36.162487187558035
0.7496599744073075	0.7496599744073075	-36.081666888561585
0.7510190267148367	0.7510190267148367	-36.001058869779456
0.7523756040415104	0.7523756040415104	-35.92066371897845
0.7537296930118366	0.7537296930118366	-35.84048201830604
0.7550812802748583	0.7550812802748583	-35.76051434430217
0.7564303525042845	0.7564303525042845	-35.68076126791124
0.7577768963986217	0.7577768963986217	-35.601223354494685
0.7591208986813052	0.7591208986813052	-35.521901163843474
0.7604623461008296	0.7604623461008296	-35.442795250191125
0.7618012254308806	0.7618012254308806	-35.36390616222699
0.7631375234704634	0.7631375234704634	-35.28523444310969
0.7644712270440351	0.7644712270440351	-35.20678063048108
0.765802323001633	0.765802323001633	-35.12854525648027
0.7671307982190048	0.7671307982190048	-35.050528847757874
0.7684566395977381	0.7684566395977381	-34.97273192549099
0.7697798340653897	0.7697798340653897	-34.895155005397946
0.7711003685756138	0.7711003685756138	-34.81779859775355
0.7724182301082914	0.7724182301082914	-34.740663207404765
0.7737334056696579	0.7737334056696579	-34.663749333786356
0.7750458822924322	0.7750458822924322	-34.587057470936884
0.776355647035944	0.776355647035944	-34.510588107515396
0.7776626869862608	0.7776626869862608	-34.43434172681779
0.7789669892563165	0.7789669892563165	-34.35831880679378
0.7802685409860375	0.7802685409860375	-34.28251982006413
0.7815673293424699	0.7815673293424699	-34.20694523393803
0.7828633415199056	0.7828633415199056	-34.131595510430955
0.7841565647400094	0.7841565647400094	-34.05647110628247
0.7854469862519442	0.7854469862519442	-33.981572472974676
0.786734593332497	0.786734593332497	-33.906900056750615
0.7880193732862042	0.7880193732862042	-33.83245429863308
0.7893013134454774	0.7893013134454774	-33.758235634443764
0.7905804011707273	0.7905804011707273	-33.68424449482234
0.791856623850489	0.791856623850489	-33.61048130524624
0.7931299689015465	0.7931299689015465	-33.53694648605051
0.7944004237690558	0.7944004237690558	-33.463640452447585
0.7956679759266702	0.7956679759266702	-33.39056361454797
0.7969326128766621	0.7969326128766621	-33.31771637738052
0.7981943221500475	0.7981943221500475	-33.24509914091344
0.7994530913067086	0.7994530913067086	-33.172712300075304
0.8007089079355162	0.8007089079355162	-33.10055624477633
0.8019617596544522	0.8019617596544522	-33.02863135992992
0.8032116341107318	0.8032116341107318	-32.956938025474514
0.8044585189809252	0.8044585189809252	-32.88547661639541
0.8057024019710793	0.8057024019710793	-32.81424750274732
0.8069432708168385	0.8069432708168385	-32.74325104967654
0.8081811132835658	0.8081811132835658	-32.6724876174438
0.8094159171664637	0.8094159171664637	-32.60195756144717
0.8106476702906943	0.8106476702906943	-32.531661232245234
0.8118763605114994	0.8118763605114994	-32.461598975580294
0.8131019757143199	0.8131019757143199	-32.39177113240215
0.814324503814916	0.814324503814916	-32.32217803889187
0.8155439327594856	0.8155439327594856	-32.25282002648556
0.8167602505247836	0.8167602505247836	-32.18369742189878
0.8179734451182403	0.8179734451182403	-32.11481054715101
0.8191835045780796	0.8191835045780796	-32.04615971958998
0.8203904169734371	0.8203904169734371	-31.977745251916836
0.8215941704044772	0.8215941704044772	-31.909567452210844
0.8227947530025115	0.8227947530025115	-31.841626623954664
0.8239921529301144	0.8239921529301144	-31.773923066059783
0.8251863583812415	0.8251863583812415	-31.70645707289214
0.8263773575813443	0.8263773575813443	-31.63922893429777
0.8275651387874875	0.8275651387874875	-31.57223893562871
0.8287496902884641	0.8287496902884641	-31.505487357769283
0.8299310004049115	0.8299310004049115	-31.438974477162045
0.831109057489426	0.831109057489426	-31.37270056583466
0.8322838499266778	0.8322838499266778	-31.30666589142628
0.8334553661335261	0.8334553661335261	-31.240870717214175
0.8346235945591325	0.8346235945591325	-31.17531530214101
0.8357885236850754	0.8357885236850754	-31.109999900841753
0.8369501420254634	0.8369501420254634	-31.044924763670846
0.8381084381270485	0.8381084381270485	-30.980090136729828
0.8392634005693391	0.8392634005693391	-30.91549626189469
0.8404150179647127	0.8404150179647127	-30.85114337684366
0.8415632789585281	0.8415632789585281	-30.787031715084932
0.8427081722292371	0.8427081722292371	-30.72316150598498
0.8438496864884963	0.8438496864884963	-30.65953297479609
0.8449878104812791	0.8449878104812791	-30.596146342684992
0.8461225329859853	0.8461225329859853	-30.5330018267612
0.8472538428145526	0.8472538428145526	-30.47009964010533
0.8483817288125672	0.8483817288125672	-30.407439991797787
0.8495061798593729	0.8495061798593729	-30.34502308694751
0.8506271848681815	0.8506271848681815	-30.282849126720862
0.8517447327861815	0.8517447327861815	-30.220918308370276
0.8528588125946477	0.8528588125946477	-30.159230825263784
0.8539694133090494	0.8539694133090494	-30.097786866913705
0.8550765239791591	0.8550765239791591	-30.036586619006172
0.8561801336891597	0.8561801336891597	-29.975630263430347
0.857280231557753	0.857280231557753	-29.914917978308033
0.8583768067382664	0.8583768067382664	-29.85444993802301
0.8594698484187606	0.8594698484187606	-29.794226313250682
0.860559345822135	0.860559345822135	-29.734247270987925
0.8616452882062349	0.8616452882062349	-29.67451297458261
0.862727664863957	0.862727664863957	-29.615023583763925
0.8638064651233557	0.8638064651233557	-29.555779254671574
0.8648816783477471	0.8648816783477471	-29.49678013988655
0.8659532939358145	0.8659532939358145	-29.43802638846055
0.8670213013217134	0.8670213013217134	-29.379518145946633
0.868085689975175	0.868085689975175	-29.321255554428962
0.8691464494016099	0.8691464494016099	-29.263238752553338
0.8702035691422125	0.8702035691422125	-29.20546787555734
0.8712570387740634	0.8712570387740634	-29.147943055300683
0.8723068479102316	0.8723068479102316	-29.090664420295784
0.8733529861998788	0.8733529861998788	-29.03363209573788
0.8743954433283592	0.8743954433283592	-28.97684620353575
0.8754342090173228	0.8754342090173228	-28.920306862342144
0.8764692730248163	0.8764692730248163	-28.86401418758414
0.8775006251453836	0.8775006251453836	-28.80796829149413
0.8785282552101671	0.8785282552101671	-28.75216928313995
0.8795521530870076	0.8795521530870076	-28.696617268455853
0.8805723086805446	0.8805723086805446	-28.64131235027284
0.8815887119323147	0.8815887119323147	-28.5862546283496
0.8826013528208525	0.8826013528208525	-28.53144419940293
0.8836102213617878	0.8836102213617878	-28.476881157138717
0.8846153076079454	0.8846153076079454	-28.42256559228222
0.8856166016494419	0.8856166016494419	-28.368497592608946
0.8866140936137845	0.8866140936137845	-28.314677242975645
0.8876077736659674	0.8876077736659674	-28.26110462535042
0.8885976320085698	0.8885976320085698	-28.207779818843786
0.8895836588818515	0.8895836588818515	-28.154702899739217
0.8905658445638498	0.8905658445638498	-28.1018739415241
0.8915441793704749	0.8915441793704749	-28.049293014919687
0.892518653655606	0.892518653655606	-27.99696018791255
0.8934892578111855	0.8934892578111855	-27.944875525784592
0.8944559822673146	0.8944559822673146	-27.893039091144015
0.8954188174923474	0.8954188174923474	-27.84145094395558
0.8963777539929844	0.8963777539929844	-27.790111141571312
0.8973327823143668	0.8973327823143668	-27.739019738761034
0.8982838930401691	0.8982838930401691	-27.68817678774275
0.8992310767926928	0.8992310767926928	-27.63758233821304
0.9001743242329576	0.9001743242329576	-27.587236437377605
0.9011136260607949	0.9011136260607949	-27.537139129981437
0.9020489730149381	0.9020489730149381	-27.48729045833923
0.9029803558731153	0.9029803558731153	-27.437690462365715
0.903907765452139	0.903907765452139	-27.38833917960558
0.9048311926079973	0.9048311926079973	-27.339236645263902
0.905750628235944	0.905750628235944	-27.290382892236238
0.9066660632705883	0.9066660632705883	-27.24177795113835
0.9075774886859844	0.9075774886859844	-27.193421850336616
0.9084848954957198	0.9084848954957198	-27.145314615977526
0.9093882747530047	0.9093882747530047	-27.097456272018007
0.9102876175507598	0.9102876175507598	-27.049846840254588
0.9111829150217043	0.9111829150217043	-27.00248634035374
0.9120741583384433	0.9120741583384433	-26.955374789881013
0.9129613387135547	0.9129613387135547	-26.908512204330876
0.9138444473996756	0.9138444473996756	-26.861898597156213
0.9147234756895897	0.9147234756895897	-26.81553397979733
0.9155984149163112	0.9155984149163112	-26.769418361711978
0.9164692564531725	0.9164692564531725	-26.72355175040389
0.9173359917139072	0.9173359917139072	-26.67793415145229
0.9181986121527363	0.9181986121527363	-26.632565568540958
0.9190571092644517	0.9190571092644517	-26.58744600348702
0.9199114745845001	0.9199114745845001	-26.542575456269876
0.9207616996890666	0.9207616996890666	-26.49795392506014
0.9216077761951578	0.9216077761951578	-26.453581406248126
0.9224496957606843	0.9224496957606843	-26.409457894472567
0.9232874500845429	0.9232874500845429	-26.36558338264885
0.9241210309066992	0.9241210309066992	-26.321957861997657
0.9249504300082674	0.9249504300082674	-26.278581322073215
0.9257756392115932	0.9257756392115932	-26.235453750791265
0.9265966503803332	0.9265966503803332	-26.19257513445724
0.9274134554195357	0.9274134554195357	-26.149945457794207
0.92822604627572	0.92822604627572	-26.107564703970638
0.9290344149369565	0.9290344149369565	-26.06543285462817
0.9298385534329452	0.9298385534329452	-26.02354988990922
0.9306384538350942	0.9306384538350942	-25.98191578848428
0.9314341082565982	0.9314341082565982	-25.94053052757968
0.9322255088525164	0.9322255088525164	-25.899394083004307
0.9330126478198493	0.9330126478198493	-25.858506429177012
0.9337955173976158	0.9337955173976158	-25.81786753915362
0.9345741098669302	0.9345741098669302	-25.77747738465378
0.9353484175510778	0.9353484175510778	-25.737335936087337
0.9361184328155906	0.9361184328155906	-25.69744316258154
0.936884148068323	0.936884148068323	-25.657799032007027
0.937645555759526	0.937645555759526	-25.61840351100439
0.9384026483819226	0.9384026483819226	-25.57925656501033
0.9391554184707804	0.9391554184707804	-25.5403581582836
0.9399038586039868	0.9399038586039868	-25.501708253931167
0.940647961402121	0.940647961402121	-25.4633068139338
0.9413877195285274	0.9413877195285274	-25.425153799171735
0.9421231256893874	0.9421231256893874	-25.38724916945051
0.942854172633792	0.942854172633792	-25.349592883525915
0.9435808531538125	0.9435808531538125	-25.31218489912924
0.9443031600845723	0.9443031600845723	-25.275025172992684
0.9450210863043171	0.9450210863043171	-25.238113660874088
0.9457346247344854	0.9457346247344854	-25.201450317581635
0.946443768339778	0.946443768339778	-25.165035096998675
0.9471485101282273	0.9471485101282273	-25.128867952108134
0.9478488431512668	0.9478488431512668	-25.092948835016834
0.9485447605037993	0.9485447605037993	-25.057277696979618
0.9492362553242645	0.9492362553242645	-25.021854488423728
0.9499233207947073	0.9499233207947073	-24.98667915897208
0.9506059501408453	0.9506059501408453	-24.951751657467693
0.9512841366321341	0.9512841366321341	-24.917071931996762
0.9519578735818355	0.9519578735818355	-24.882639929912198
0.9526271543470823	0.9526271543470823	-24.848455597857132
0.9532919723289442	0.9532919723289442	-24.81451888178765
0.9539523209724927	0.9539523209724927	-24.780829726996036
0.9546081937668656	0.9546081937668656	-24.74738807813338
0.9552595842453316	0.9552595842453316	-24.714193879232294
0.9559064859853539	0.9559064859853539	-24.681247073729434
0.9565488926086533	0.9565488926086533	-24.648547604487586
0.9571867977812712	0.9571867977812712	-24.61609541381822
0.9578201952136325	0.9578201952136325	-24.583890443503023
0.9584490786606067	0.9584490786606067	-24.551932634816055
0.9590734419215703	0.9590734419215703	-24.520221928545197
0.9596932788404675	0.9596932788404675	-24.48875826501369
0.9603085833058713	0.9603085833058713	-24.457541584101644
0.9609193492510433	0.9609193492510433	-24.42657182526699
0.9615255706539934	0.9615255706539934	-24.395848927566483
0.9621272415375399	0.9621272415375399	-24.36537282967667
0.962724355969368	0.962724355969368	-24.335143469914478
0.963316908062088	0.963316908062088	-24.305160786257726
0.9639048919732941	0.9639048919732941	-24.275424716365446
0.964488301905621	0.964488301905621	-24.24593519759805
0.9650671321068021	0.9650671321068021	-24.216692167037255
0.9656413768697254	0.9656413768697254	-24.187695561506043
0.9662110305324902	0.9662110305324902	-24.158945317588266
0.9667760874784632	0.9667760874784632	-24.13044137164814
0.9673365421363327	0.9673365421363327	-24.102183659849423
0.9678923889801652	0.9678923889801652	-24.07417211817476
0.9684436225294584	0.9684436225294584	-24.0464066824446
0.9689902373491961	0.9689902373491961	-24.018887288335915
0.9695322280499017	0.9695322280499017	-23.991613871400904
0.9700695892876907	0.9700695892876907	-23.96458636708559
0.9706023157643245	0.9706023157643245	-23.937804710747773
0.9711304022272615	0.9711304022272615	-23.911268837675554
0.97165384346971	0.97165384346971	-23.884978683104944
0.9721726343306779	0.9721726343306779	-23.85893418223781
0.9726867696950257	0.9726867696950257	-23.83313527025961
0.9731962444935154	0.9731962444935154	-23.80758188235649
0.9737010537028608	0.9737010537028608	-23.78227395373293
0.9742011923457774	0.9742011923457774	-23.7572114196284
0.9746966554910312	0.9746966554910312	-23.73239421533477
0.9751874382534875	0.9751874382534875	-23.707822276212728
0.9756735357941585	0.9756735357941585	-23.683495537708307
0.9761549433202519	0.9761549433202519	-23.659413935369805
0.9766316560852173	0.9766316560852173	-23.635577404863316
0.9771036693887939	0.9771036693887939	-23.611985881989174
0.9775709785770559	0.9775709785770559	-23.58863930269779
0.978033579042459	0.978033579042459	-23.565537603105415
0.9784914662238855	0.9784914662238855	-23.54268071950974
0.9789446356066898	0.9789446356066898	-23.520068588404794
0.9793930827227421	0.9793930827227421	-23.4977011464969
0.9798368031504732	0.9798368031504732	-23.475578330719234
0.9802757925149176	0.9802757925149176	-23.453700078246573
0.980710046487757	0.980710046487757	-23.43206632651036
0.9811395607873626	0.9811395607873626	-23.410677013212993
0.9815643311788378	0.9815643311788378	-23.389532076342128
0.9819843534740594	0.9819843534740594	-23.368631454185174
0.9823996235317193	0.9823996235317193	-23.347975085342803
0.9828101372573652	0.9828101372573652	-23.32756290874316
0.9832158906034408	0.9832158906034408	-23.307394863655393
0.9836168795693263	0.9836168795693263	-23.287470889703084
0.9840131002013768	0.9840131002013768	-23.267790926877815
0.9844045485929626	0.9844045485929626	-23.248354915551943
0.9847912208845064	0.9847912208845064	-23.229162796491803
0.9851731132635224	0.9851731132635224	-23.21021451087065
0.9855502219646533	0.9855502219646533	-23.19151000028109
0.9859225432697074	0.9859225432697074	-23.173049206747486
0.986290073507696	0.986290073507696	-23.154832072738536
0.9866528090548687	0.9866528090548687	-23.13685854117912
0.9870107463347493	0.9870107463347493	-23.119128555462634
0.9873638818181715	0.9873638818181715	-23.101642059462268
0.9877122120233135	0.9877122120233135	-23.08439899754318
0.9880557335157318	0.9880557335157318	-23.067399314573574
0.9883944429083964	0.9883944429083964	-23.050642955936123
0.9887283368617225	0.9887283368617225	-23.03412986753924
0.9890574120836044	0.9890574120836044	-23.01785999582778
0.9893816653294485	0.9893816653294485	-23.001833287793975
0.9897010934022036	0.9897010934022036	-22.986049690988057
0.990015693152394	0.990015693152394	-22.970509153528837
0.9903254614781503	0.9903254614781503	-22.955211624113552
0.9906303953252387	0.9906303953252387	-22.940157052028745
0.9909304916870929	0.9909304916870929	-22.92534538715944
0.9912257476048427	0.9912257476048427	-22.91077657999951
0.9915161601673435	0.9915161601673435	-22.89645058166099
0.9918017265112045	0.9918017265112045	-22.8823673438839
0.9920824438208178	0.9920824438208178	-22.868526819045027
0.9923583093283854	0.9923583093283854	-22.85492896016747
0.9926293203139469	0.9926293203139469	-22.841573720929684
0.9928954741054065	0.9928954741054065	-22.828461055673817
0.9931567680785585	0.9931567680785585	-22.81559091941505
0.9934131996571139	0.9934131996571139	-22.802963267849293
0.993664766312726	0.993664766312726	-22.790578057362207
0.9939114655650148	0.9939114655650148	-22.77843524503708
0.9941532949815913	0.9941532949815913	-22.766534788662725
0.9943902521780822	0.9943902521780822	-22.754876646741632
0.9946223348181528	0.9946223348181528	-22.743460778497234
0.9948495406135305	0.9948495406135305	-22.73228714388182
0.9950718673240267	0.9950718673240267	-22.72135570358367
0.9952893127575599	0.9952893127575599	-22.710666419034357
0.9955018747701765	0.9955018747701765	-22.70021925241568
0.9957095512660721	0.9957095512660721	-22.69001416666668
0.9959123401976121	0.9959123401976121	-22.680051125490237
0.9961102395653525	0.9961102395653525	-22.670330093359684
0.9963032474180591	0.9963032474180591	-22.66085103552528
0.9964913618527267	0.9964913618527267	-22.651613918020217
0.9966745810145978	0.9966745810145978	-22.642618707666987
0.9968529030971818	0.9968529030971818	-22.633865372083253
0.9970263263422716	0.9970263263422716	-22.62535387968729
0.9971948490399618	0.9971948490399618	-22.617084199704156
0.9973584695286652	0.9973584695286652	-22.609056302170586
0.9975171861951297	0.9975171861951297	-22.60127015794062
0.9976709974744535	0.9976709974744535	-22.59372573869067
0.9978199018501014	0.9978199018501014	-22.586423016924464
0.9979638978539191	0.9979638978539191	-22.579361965977885
0.998102984066149	0.998102984066149	-22.57254256002354
0.9982371591154424	0.9982371591154424	-22.56596477407541
0.998366421678875	0.998366421678875	-22.559628583993202
0.9984907704819598	0.9984907704819598	-22.553533966486256
0.9986102042986589	0.9986102042986589	-22.54768089911815
0.9987247219513975	0.9987247219513975	-22.54206936030967
0.9988343223110749	0.9988343223110749	-22.53669932934362
0.9989390042970773	0.9989390042970773	-22.5315707863673
0.9990387668772884	0.9990387668772884	-22.526683712396622
0.999133609068102	0.999133609068102	-22.522038089319086
0.9992235299344329	0.9992235299344329	-22.517633899896545
0.9993085285897294	0.9993085285897294	-22.51347112776848
0.9993886041959857	0.9993886041959857	-22.50954975745411
0.9994637559637566	0.9994637559637566	-22.50586977435521
0.9995339831521739	0.9995339831521739	-22.502431164757994
0.9995992850689684	0.9995992850689684	-22.49923391583449
0.9996596610705004	0.9996596610705004	-22.496278015643963
0.9997151105618041	0.9997151105618041	-22.493563453132825
0.999765632996662	0.999765632996662	-22.49109021813316
0.9998112278777354	0.9998112278777354	-22.488858301358675
0.9998518947568115	0.9998518947568115	-22.486867694393936
0.999887633235317	0.999887633235317	-22.48511838967104
0.999918442965485	0.999918442965485	-22.483610380414145
0.9999443236533506	0.9999443236533506	-22.482343660493964
0.9999652750677505	0.9999652750677505	-22.48131822398844
0.9999812970741802	0.9999812970741802	-22.48053406352656
0.9999923898164587	0.9999923898164587	-22.47999116139843
0.9999985556490378	0.9999985556490378	-22.479689394985513
1.0000563296875267	1.0000563296875267	-22.476861917721273
1.00029679715811	1.00029679715811	-22.465094988918008
1.0007294141069762	1.0007294141069762	-22.443932060322194
1.001354272357732	1.001354272357732	-22.41337987718993
1.0021713775193257	1.0021713775193257	-22.373454401330477
1.0031807243460833	1.0031807243460833	-22.324177124622537
1.0043823038226376	1.0043823038226376	-22.265574724416428
1.0057761044843527	1.0057761044843527	-22.197679001262408
1.0073621127683234	1.0073621127683234	-22.12052686408614
1.0091403131301824	1.0091403131301824	-22.0341603265929
1.0111106880896414	1.0111106880896414	-21.938626506654735
1.0132732182504838	1.0132732182504838	-21.833977626134228
1.0156278823102305	1.0156278823102305	-21.720271010050595
1.0181746570652201	1.0181746570652201	-21.597569084423586
1.0209135174134931	1.0209135174134931	-21.465939372252322
1.0238444363565562	1.0238444363565562	-21.325454487117923
1.0269673850005554	1.0269673850005554	-21.176192123882952
1.0302823325571184	1.0302823325571184	-21.018235045941363
1.0337892463440241	1.0337892463440241	-20.851671068438137
1.0374880917857534	1.0374880917857534	-20.676593036849336
1.0413788324139865	1.0413788324139865	-20.49309880027964
1.045461429868075	1.045461429868075	-20.30129117880015
1.0497358438954976	1.0497358438954976	-20.101277924125508
1.0542020323523016	1.0542020323523016	-19.89317167289504
1.0588599512035688	1.0588599512035688	-19.67708989180363
1.0637095545238722	1.0637095545238722	-19.453154813804222
1.068750794497748	1.068750794497748	-19.221493364587264
1.073983621420191	1.073983621420191	-18.98223707853361
1.079407983697151	1.079407983697151	-18.73552200332975
1.085023827846046	1.085023827846046	-18.481488592438364
1.090831098496312	1.090831098496312	-18.22028158462604
1.0968297383899421	1.0968297383899421	-17.952049869775347
1.1030196883820553	1.1030196883820553	-17.67694634023299
1.1094008874414896	1.1094008874414896	-17.395127726996314
1.115973272651407	1.115973272651407	-17.106754420098966
1.1227367792099086	1.1227367792099086	-16.8119902726304
1.1296913404306825	1.1296913404306825	-16.51100238792002
1.1368368877436614	1.1368368877436614	-16.203960889533512
1.1441733506956933	1.1441733506956933	-15.89103867386693
1.1517006569512505	1.1517006569512505	-15.572411145290747
1.159418732293128	1.159418732293128	-15.248255933992004
1.1673275006231911	1.1673275006231911	-14.918752596886852
1.175426883963117	1.175426883963117	-14.584082302244907
1.18371680245516	1.18371680245516	-14.244427498961993
1.1921971743629567	1.1921971743629567	-13.899971571766082
1.2008679160723135	1.2008679160723135	-13.55089848403556
1.2097289420920423	1.2097289420920423	-13.197392410338947
1.2187801650547945	1.2187801650547945	-12.839637361314546
1.2280214957179383	1.2280214957179383	-12.477816804044135
1.2374528429644225	1.2374528429644225	-12.112113281700097
1.247074113803682	1.247074113803682	-11.74270803691097
1.256885213372556	1.256885213372556	-11.369780644034018
1.2668860449362223	1.2668860449362223	-10.99350865633398
1.277076509889148	1.277076509889148	-10.614067274937236
1.2874565077560685	1.2874565077560685	-10.231629047379016
1.2980259361929707	1.2980259361929707	-9.846363604564987
1.3087846909881065	1.3087846909881065	-9.45843744604035
1.3197326660630238	1.3197326660630238	-9.068013784580849
1.3308697534736054	1.3308697534736054	-8.67525246228769
1.3421958434111316	1.3421958434111316	-8.280309951564785
1.3537108242033766	1.3537108242033766	-7.883339455565597
1.365414582315692	1.365414582315692	-7.484491123904108
1.377307002352142	1.377307002352142	-7.083912400571073
1.3893879670566311	1.3893879670566311	-6.681748522095034
1.4016573573140603	1.4016573573140603	-6.27814318494419
1.4141150521515111	1.4141150521515111	-5.873239401958481
1.4267609287394252	1.4267609287394252	-5.467180568155649
1.4395948623928243	1.4395948623928243	-5.060111756500915
1.4526167265725405	1.4526167265725405	-4.652181264067884
1.465826392886456	1.465826392886456	-4.243542428368448
1.4792237310907759	1.4792237310907759	-3.8343557323534516
1.4928086090913126	1.4928086090913126	-3.424791214574978
1.5065808929447781	1.5065808929447781	-3.0150311980938143
1.5205404468601214	1.5205404468601214	-2.6052733477738634
1.5346871331998522	1.5346871331998522	-2.195734060437442
1.5490208124814089	1.5490208124814089	-1.7866521858072562
1.5635413433785255	1.5635413433785255	-1.3782930680276217
1.578248582722628	1.578248582722628	-0.9709528876789763
1.5931423855042512	1.5931423855042512	-0.5649632723812126
1.6082226048744603	1.6082226048744603	-0.16069613020842194
1.6234890921463034	1.6234890921463034	0.24143135595338566
1.6389416967962762	1.6389416967962762	0.640951653278283
1.6545802664658074	1.6545802664658074	1.0373418238327388
1.670404646962759	1.670404646962759	1.4300186127552486
1.686414682262948	1.686414682262948	1.8183338276583934
1.7026102145116822	1.7026102145116822	2.2015701830600802
1.7189910840253262	1.7189910840253262	2.5789378103311034
1.7355571292928569	1.7355571292928569	2.949571660214613
1.752308186977479	1.752308186977479	3.3125300502210044
1.769244091918214	1.769244091918214	3.6667946315902236
1.7863646771315465	1.7863646771315465	4.011272068133888
1.8036697738130596	1.8036697738130596	4.344797729813135
1.8211592113390993	1.8211592113390993	4.666141704672312
1.8388328172684656	1.8388328172684656	4.974017420643225
1.8566904173441003	1.8566904173441003	5.267093140391845
1.8747318354948206	1.8747318354948206	5.544006544255722
1.892956893837038	1.892956893837038	5.803382544853749
1.9113654126765234	1.9113654126765234	6.043854378974943
1.929957210510179	1.929957210510179	6.2640878952743835
1.9487321040278185	1.9487321040278185	6.46280879879115
1.9676899081139887	1.9676899081139887	6.638832425766995
1.9868304358497817	1.9868304358497817	6.791095407499091
2.0061534985146814	2.0061534985146814	6.9186883460851
2.025658905588431	2.025658905588431	7.020888377889691
2.0453464647529023	2.0453464647529023	7.097190256931527
2.0652159818939975	2.0652159818939975	7.147334369747472
2.0852672611035614	2.0852672611035614	7.171329920259772
2.105500104681314	2.105500104681314	7.169471426828515
2.1259143131367972	2.1259143131367972	7.142346686220182
2.1465096851913428	2.1465096851913428	7.09083451349358
2.167286017780062	2.167286017780062	7.0160908927092365
2.1882431060538363	2.1882431060538363	6.919522692956966
2.2093807433813524	2.2093807433813524	6.8027488257831
2.2306987213511236	2.2306987213511236	6.667549631545167
2.252196829773559	2.252196829773559	6.515806344557185
2.273874856683023	2.273874856683023	6.349433629068369
2.295732588339937	2.295732588339937	6.170309294898007
2.3177698092328782	2.3177698092328782	5.980206256008394
2.3399863020807095	2.3399863020807095	5.780732427909944
2.36238184783472	2.36238184783472	5.573284405496675
2.3849562256807806	2.3849562256807806	5.359020275912977
2.4077092130415303	2.4077092130415303	5.138855706338077
2.4306405855785647	2.4306405855785647	4.913485493615959
2.4537501171946476	2.4537501171946476	4.683430175253802
2.477037580035943	2.477037580035943	4.449104314853806
2.500502744494259	2.500502744494259	4.21090005210121
2.5241453792093145	2.5241453792093145	3.9692769043204508
2.547965251071016	2.547965251071016	3.7248471082556867
2.5719621252217646	2.5719621252217646	3.4784454192929672
2.596135765058759	2.596135765058759	3.2311734972793165
2.620485932236339	2.620485932236339	2.98441180385043
2.6450123866683333	2.6450123866683333	2.739796010304661
2.6697148865304214	2.6697148865304214	2.4991596719211557
2.6945931882625223	2.6945931882625223	2.2644495707147647
2.7196470465711964	2.7196470465711964	2.037623831516591
2.744876214432066	2.744876214432066	1.8205449953044905
2.7702804430922408	2.7702804430922408	1.6148803305813908
2.795859482072784	2.795859482072784	1.422019838137259
2.821613079171174	2.821613079171174	1.243019119838331
2.8475409804637866	2.8475409804637866	1.0785702777516277
2.8736429303084163	2.8736429303084163	0.9290001017119688
2.8999186713467715	2.8999186713467715	0.7942916750524777
2.926367944507037	2.926367944507037	0.6741235822127016
2.9529904890064125	2.9529904890064125	0.567920211945884
2.9797860423536853	2.9797860423536853	0.47490701449784073
3.0067543403518284	3.0067543403518284	0.39416563303093805
3.0338951171005917	3.0338951171005917	0.3246852056606177
3.0612081049991344	3.0612081049991344	0.26540751278993735
3.08869303474866	3.08869303474866	0.21526482739074432
3.1163496353550677	3.1163496353550677	0.17321022642769912
3.1441776341316316	3.1441776341316316	0.13824073317599353
3.1721767567016816	3.1721767567016816	0.10941402162107296
3.200346727001314	3.200346727001314	0.0858595823919389
3.2286872672821136	3.2286872672821136	0.06678528306942111
3.2571980981138897	3.2571980981138897	0.051480205452883405
3.285878938387431	3.285878938387431	0.03931454900395438
3.3147295053172794	3.3147295053172794	0.029737282051675064
3.343749514444513	3.343749514444513	0.022272118206790925
3.372938679639565	3.372938679639565	0.016512303353135326
3.4022967131050224	3.4022967131050224	0.012114620532047878
3.4318233253784833	3.4318233253784833	0.008792954168285924
3.4615182253354058	3.4615182253354058	0.00631169811087121
3.4913811201919667	3.4913811201919667	0.004479240768194046
3.5214117155079663	3.5214117155079663	0.003141713106922122
3.551609715189721	3.551609715189721	0.002177140565074847
3.581974821492984	3.581974821492984	0.0014900980937798676
3.612506735025878	3.612506735025878	0.0010069292795017533
3.643205154751857	3.643205154751857	0.0006715567021933005
3.674069777992667	3.674069777992667	0.00044188214566317043
3.7051003004313263	3.7051003004313263	0.0002867524939359888
3.7362964161151373	3.7362964161151373	0.00018345024958632243
3.7676578174586948	3.7676578174586948	0.00011565635719892558
3.799184195246919	3.799184195246919	7.182685811510369e-05
3.8308752386381104	3.8308752386381104	4.392307109011041e-05
3.862730635167004	3.862730635167004	2.6436593478387215e-05
3.8947500707478664	3.8947500707478664	1.565452430290813e-05
3.926933229677572	3.926933229677572	9.116046374032837e-06
3.9592797946387344	3.9592797946387344	5.218096644958536e-06
3.9917894467028234	3.9917894467028234	2.93466987126841e-06
4.024461865333314	4.024461865333314	1.6208633046460887e-06
4.057296728388847	4.057296728388847	8.787549403768163e-07
4.090293712126403	4.090293712126403	4.67426569417202e-07
4.123452491204498	4.123452491204498	2.4381973894699514e-07
4.156772738686383	4.156772738686383	1.2465663216920795e-07
4.190254126043285	4.190254126043285	6.24352273750604e-08
4.22389632315762	4.22389632315762	3.061850254527883e-08
4.257698998326276	4.257698998326276	1.4694190478118567e-08
4.291661818263862	4.291661818263862	6.897277119747333e-09
4.325784448106004	4.325784448106004	3.16473989451737e-09
4.360066551412649	4.360066551412649	1.4186651335586605e-09
4.394507790171367	4.394507790171367	6.209427479430438e-10
4.42910782480071	4.42910782480071	2.6521389524503994e-10
4.463866314153531	4.463866314153531	1.1047200111608043e-10
4.498782915520367	4.498782915520367	4.484896502496847e-11
4.533857284632818	4.533857284632818	1.7734734038953537e-11
4.56908907566693	4.56908907566693	6.826395826807342e-12
4.60447794124661	4.60447794124661	2.556053153633134e-12
4.640023532447055	4.640023532447055	9.304039544531963e-13
4.675725498798185	4.675725498798185	3.290050374666837e-13
4.711583488288106	4.711583488288106	1.1294404427444619e-13
4.74759714736658	4.74759714736658	3.7613925228911775e-14
4.783766120948503	4.783766120948503	1.2143600589167926e-14
4.82009005241741	4.82009005241741	3.797894357908241e-15
4.856568583628998	4.856568583628998	1.1497727637700038e-15
4.89320135491465	4.89320135491465	3.366867262813531e-16
4.929988005084982	4.929988005084982	9.529054511311672e-17
4.966928171433404	4.966928171433404	2.604607372840878e-17
5.004021489739697	5.004021489739697	6.869986385286302e-18
5.04126759427361	5.04126759427361	1.7471765749831674e-18
5.078666117798453	5.078666117798453	4.2807980234792415e-19
5.116216691574729	5.116216691574729	1.0096081943468853e-19
5.153918945363766	5.153918945363766	2.2900646425673512e-20
5.191772507431367	5.191772507431367	4.9914785993056934e-21
5.229777004551478	5.229777004551478	1.0445045725194371e-21
5.26793206200986	5.26793206200986	2.0965118708631101e-22
5.30623730360779	5.30623730360779	4.032639325947166e-23
5.3446923516657785	5.3446923516657785	7.426406026161973e-24
5.38329682702727	5.38329682702727	1.3081281635901057e-24
5.422050349062406	5.422050349062406	2.2018210542217253e-25
5.460952535671766	5.460952535671766	3.5378903628311024e-26
5.50000300329013	5.50000300329013	5.421262481231674e-27
5.539201366890274	5.539201366890274	7.914175380316048e-28
5.578547239986754	5.578547239986754	1.0995294520352673e-28
5.618040234639727	5.618040234639727	1.4522275741091553e-29
5.657679961458763	5.657679961458763	1.8211372128041852e-30
5.697466029606701	5.697466029606701	2.162610859613556e-31
5.7373980468034835	5.7373980468034835	2.7296234517840637e-32
5.7774756193300405	5.7774756193300405	2.7998846744517876e-32
5.817698352032166	5.817698352032166	2.871611361396127e-32
5.8580658483244115	5.8580658483244115	2.944825382518323e-32
5.898577710193992	5.898577710193992	3.019548784535291e-32
5.939233538204729	5.939233538204729	3.095803790969926e-32
5.980032931500965	5.980032931500965	3.173612802132646e-32
6.020975487811529	6.020975487811529	3.2529983950947704e-32
6.06206080345371	6.06206080345371	3.333983323652188e-32
6.103288473337212	6.103288473337212	3.4165905182801195e-32
6.144658090968178	6.144658090968178	3.5008430860784094e-32
6.186169248453178	6.186169248453178	3.586764310706731e-32
6.227821536503234	6.227821536503234	3.674377652309674e-32
6.269614544437865	6.269614544437865	3.763706747431099e-32
6.311547860189126	6.311547860189126	3.854775408918282e-32
6.353621070305674	6.353621070305674	3.947607625814733e-32
6.395833759956842	6.395833759956842	4.0422275632408646e-32
6.438185512936737	6.438185512936737	4.138659562264653e-32
6.480675911668338	6.480675911668338	4.236928139758422e-32
6.523304537207607	6.523304537207607	4.33705798824497e-32
6.566070969247635	6.566070969247635	4.4390739757297396e-32
6.608974786122775	6.608974786122775	4.543001145521966e-32
6.652015564812796	6.652015564812796	4.6488647160401993e-32
6.695192880947071	6.695192880947071	4.756690080606263e-32
6.7385063088087405	6.7385063088087405	4.8665028072252966e-32
6.781955421338923	6.781955421338923	4.978328638350976e-32
6.825539790140923	6.825539790140923	5.092193490636966e-32
6.869258985484455	6.869258985484455	5.208123454673787e-32
6.913112576309878	6.913112576309878	5.326144794710717e-32
6.957100130232446	6.957100130232446	5.446283948362795e-32
7.001221213546574	7.001221213546574	5.56856752630215e-32
7.045475391230114	7.045475391230114	5.693022311933895e-32
7.08986222694864	7.08986222694864	5.819675261056075e-32
7.134381283059755	7.134381283059755	5.94855350150358e-32
7.1790321206174035	7.1790321206174035	6.079684332775296e-32
7.223814299376203	7.223814299376203	6.213095225644918e-32
7.268727377795774	7.268727377795774	6.348813821755475e-32
7.313770913045109	7.313770913045109	6.486867933194697e-32
7.358944461006929	7.358944461006929	6.627285542056111e-32
7.40424757628206	7.40424757628206	6.770094799979594e-32
7.449679812193831	7.449679812193831	6.915324027676658e-32
7.495240720792482	7.495240720792482	7.063001714434821e-32
7.540929852859565	7.540929852859565	7.213156517607842e-32
7.586746757912389	7.586746757912389	7.365817262082612e-32
7.632690984208451	7.632690984208451	7.521012939732527e-32
7.678762078749897	7.678762078749897	7.678772708847536e-32
7.724959587287987	7.724959587287987	7.83912589354863e-32
7.77128305432757	7.77128305432757	8.002101983180986e-32
7.81773202313158	7.81773202313158	8.167730631689205e-32
7.864306035725536	7.864306035725536	8.336041656971505e-32
7.9110046329020545	7.9110046329020545	8.507065040216065e-32
7.957827354225388	7.957827354225388	8.680830925215599e-32
8.004773738035954	8.004773738035954	8.857369617664702e-32
8.051843321454893	8.051843321454893	9.036711584433078e-32
8.099035640388628	8.099035640388628	9.218887452822375e-32
8.14635022953344	8.14635022953344	9.403928009800143e-32
8.193786622380063	8.193786622380063	9.591864201214519e-32
8.241344351218277	8.241344351218277	9.782727130986874e-32
8.289022947141525	8.289022947141525	9.976548060286387e-32
8.336821940051527	8.336821940051527	1.0173358406679448e-31
8.384740858662923	8.384740858662923	1.0373189743262331e-31
8.432779230507915	8.432779230507915	1.0576073797769798e-31
8.480936581940934	8.480936581940934	1.078204245166477e-31
8.5292124381433	8.5292124381433	1.0991127739203485e-31
8.577606323127906	8.577606323127906	1.1203361846482667e-31
8.626117759743913	8.626117759743913	1.1418777110463825e-31
8.67474626968146	8.67474626968146	1.1637406017974517e-31
8.723491373476364	8.723491373476364	1.1859281204690802e-31
8.772352590514869	8.772352590514869	1.208443545409505e-31
8.821329439038365	8.821329439038365	1.2312901696414248e-31
8.870421436148149	8.870421436148149	1.2544713007535263e-31
8.919628097810179	8.919628097810179	1.2779902607898515e-31
8.968948938859864	8.968948938859864	1.3018503861369304e-31
9.01838347300682	9.01838347300682	1.3260550274087599e-31
9.067931212839687	9.067931212839687	1.3506075493296285e-31
9.117591669830928	9.117591669830928	1.3755113306145283e-31
9.167364354341638	9.167364354341638	1.400769763847579e-31
9.217248775626382	9.217248775626382	1.426386255358147e-31
9.267244441838034	9.267244441838034	1.4523642250946188e-31
9.31735086003262	9.31735086003262	1.4787071064962523e-31
9.367567536174178	9.367567536174178	1.5054183463625405e-31
9.417893975139634	9.417893975139634	1.532501404720477e-31
9.46832968072368	9.46832968072368	1.5599597546894186e-31
9.518874155643678	9.518874155643678	1.5877968823441184e-31
9.569526901544538	9.569526901544538	1.6160162865749824e-31
9.620287419003656	9.620287419003656	1.644621478946583e-31
9.67115520753583	9.67115520753583	1.673615983553802e-31
9.722129765598186	9.722129765598186	1.7030033368755109e-31
9.773210590595141	9.773210590595141	1.7327870876263928e-31
9.824397178883343	9.824397178883343	1.7629707966061975e-31
9.875689025776639	9.875689025776639	1.7935580365472648e-31
9.927085625551062	9.927085625551062	1.8245523919592248e-31
9.9785864714498	9.9785864714498	1.8559574589718699e-31
10.03019105568821	10.03019105568821	1.8877768451757783e-31
10.081898869458811	10.081898869458811	1.9200141694605845e-31
10.133709402936313	10.133709402936313	1.9526730618513228e-31
10.185622145282629	10.185622145282629	1.98575716334223e-31
10.237636584651927	10.237636584651927	2.0192701257284692e-31
10.28975220819566	10.28975220819566	2.0532156114359938e-31
10.341968502067644	10.341968502067644	2.087597293348607e-31
10.3942849514291	10.3942849514291	2.1224188546334245e-31
10.446701040453755	10.446701040453755	2.1576839885638486e-31
10.499216252332905	10.499216252332905	2.193396398340306e-31
10.551830069280525	10.551830069280525	2.2295597969093004e-31
10.604541972538374	10.604541972538374	2.266177906779653e-31
10.657351442381097	10.657351442381097	2.3032544598371396e-31
10.710257958121367	10.710257958121367	2.3407931971565803e-31
10.763260998115008	10.763260998115008	2.3787978688121744e-31
10.816360039766138	10.816360039766138	2.417272233685533e-31
10.869554559532324	10.869554559532324	2.456220059271422e-31
10.922844032929747	10.922844032929747	2.4956451214816317e-31
10.976227934538374	10.976227934538374	2.5355512044468054e-31
11.029705738007124	11.029705738007124	2.5759421003159368e-31
11.083276916059075	11.083276916059075	2.6168216090540275e-31
11.136940940496663	11.136940940496663	2.658193538237332e-31
11.19069728220687	11.19069728220687	2.700061702847037e-31
11.244545411166463	11.244545411166463	2.7424299250604867e-31
11.29848479644721	11.29848479644721	2.785302034040491e-31
11.352514906221113	11.352514906221113	2.8286818657225895e-31
11.40663520776566	11.40663520776566	2.872573262600505e-31
11.460845167469067	11.460845167469067	2.916980073509132e-31
11.515144250835545	11.515144250835545	2.9619061534060314e-31
11.569531922490572	11.569531922490572	3.007355363150764e-31
11.624007646186167	11.624007646186167	3.05333156928184e-31
11.678570884806177	11.678570884806177	3.0998386437924554e-31
11.733221100371583	11.733221100371583	3.146880463903731e-31
11.787957754045792	11.787957754045792	3.1944609118362205e-31
11.842780306139947	11.842780306139947	3.242583874579333e-31
11.897688216118269	11.897688216118269	3.2912532436592397e-31
11.95268094260336	11.95268094260336	3.3404729149041883e-31
12.007757943381565	12.007757943381565	3.390246788208886e-31
12.062918675408298	12.062918675408298	3.4405787672961017e-31
12.118162594813409	12.118162594813409	3.4914727594769245e-31
12.173489156906546	12.173489156906546	3.542932675408856e-31
12.228897816182517	12.228897816182517	3.5949624288529053e-31
12.284388026326672	12.284388026326672	3.6475659364272275e-31
12.339959240220299	12.339959240220299	3.7007471173608896e-31
12.395610909946003	12.395610909946003	3.75450989324454e-31
12.451342486793118	12.451342486793118	3.808858187779595e-31
12.507153421263117	12.507153421263117	3.86379592652631e-31
12.563043163075026	12.563043163075026	3.9193270366486432e-31
12.619011161170853	12.619011161170853	3.9754554466594255e-31
12.67505686372102	12.67505686372102	4.032185086162154e-31
12.7311797181298	12.7311797181298	4.08951988559173e-31
12.787379171040776	12.787379171040776	4.147463775953413e-31
12.843654668342282	12.843654668342282	4.206020688560545e-31
12.90000565517288	12.90000565517288	4.2651945547700315e-31
12.956431575926825	12.956431575926825	4.3249893057163215e-31
13.012931874259541	13.012931874259541	4.385408872044245e-31
13.06950599309311	13.06950599309311	4.446457183639472e-31
13.126153374621767	13.126153374621767	4.508138169358636e-31
13.18287346031739	13.18287346031739	4.570455756756336e-31
13.239665690935018	13.239665690935018	4.633413871811546e-31
13.296529506518356	13.296529506518356	4.697016438652936e-31
13.353464346405307	13.353464346405307	4.761267379281273e-31
13.410469649233487	13.410469649233487	4.8261706132919295e-31
13.467544852945768	13.467544852945768	4.891730057594682e-31
13.524689394795816	13.524689394795816	4.957949626133052e-31
13.581902711353647	13.581902711353647	5.024833229601191e-31
13.63918423851117	13.63918423851117	5.09238477516055e-31
13.696533411487762	13.696533411487762	5.160608166153696e-31
13.753949664835826	13.753949664835826	5.229507301818667e-31
13.81143243244637	13.81143243244637	5.299086076999971e-31
13.868981147554594	13.868981147554594	5.369348381860012e-31
13.926595242745465	13.926595242745465	5.440298101587418e-31
13.984274149959326	13.984274149959326	5.51193911610622e-31
14.042017300497491	14.042017300497491	5.584275299781955e-31
14.09982412502785	14.09982412502785	5.657310521127001e-31
14.15769405359048	14.15769405359048	5.731048642505701e-31
14.215626515603278	14.215626515603278	5.805493519836173e-31
14.273620939867572	14.273620939867572	5.880649002294046e-31
14.331676754573758	14.331676754573758	5.956518932011241e-31
14.389793387306943	14.389793387306943	6.033107143777269e-31
14.447970265052579	14.447970265052579	6.110417464736345e-31
14.506206814202125	14.506206814202125	6.188453714086143e-31
14.564502460558693	14.564502460558693	6.267219702772877e-31
14.622856629342701	14.622856629342701	6.346719233187427e-31
14.681268745197574	14.681268745197574	6.426956098859241e-31
14.739738232195375	14.739738232195375	6.507934084149801e-31
14.79826451384251	14.79826451384251	6.589656963944488e-31
14.856847013085408	14.856847013085408	6.672128503344424e-31
14.9154851523162	14.9154851523162	6.7553524573564285e-31
14.974178353378427	14.974178353378427	6.839332570582602e-31
15.032926037572734	15.032926037572734	6.924072576908625e-31
15.091727625662578	15.091727625662578	7.009576199192104e-31
15.15058253787993	15.15058253787993	7.095847148948475e-31
15.209490193931014	15.209490193931014	7.182889126037804e-31
15.268450013001996	15.268450013001996	7.270705818349246e-31
15.327461413764745	15.327461413764745	7.359300901486783e-31
15.386523814382542	15.386523814382542	7.448678038450722e-31
15.445636632515814	15.445636632515814	7.538840879322975e-31
15.504799285327902	15.504799285327902	7.629793060947494e-31
15.564011189490772	15.564011189490772	7.721538206613305e-31
15.623271761190802	15.623271761190802	7.814079925733511e-31
15.682580416134506	15.682580416134506	7.907421813527678e-31
15.741936569554323	15.741936569554323	8.001567450699746e-31
15.80133963621436	15.80133963621436	8.096520403118328e-31
15.860789030416175	15.860789030416175	8.19228422149453e-31
15.920284166004551	15.920284166004551	8.288862441060066e-31
15.97982445637327	15.97982445637327	8.386258581244252e-31
16.039409314470902	16.039409314470902	8.484476145351935e-31
16.09903815280659	16.09903815280659	8.583518620239356e-31
16.158710383455844	16.158710383455844	8.683389475990402e-31
16.218425418066335	16.218425418066335	8.78409216559202e-31
16.278182667863703	16.278182667863703	8.885630124609809e-31
16.337981543657357	16.337981543657357	8.988006770862501e-31
16.397821455846277	16.397821455846277	9.091225504097168e-31
16.457701814424844	16.457701814424844	9.19528970566311e-31
16.51762202898864	16.51762202898864	9.30020273818533e-31
16.577581508740295	16.577581508740295	9.405967945239703e-31
16.63757966249527	16.63757966249527	9.512588651024823e-31
16.697615898687726	16.697615898687726	9.620068160036305e-31
16.757689625376337	16.757689625376337	9.728409756739213e-31
16.817800250250144	16.817800250250144	9.837616705242307e-31
16.87794718063435	16.87794718063435	9.947692248968854e-31
16.93812982349623	16.93812982349623	1.0058639610331334e-30
16.998347585450922	16.998347585450922	1.0170461990402819e-30
17.05859987276731	17.05859987276731	1.0283162568589727e-30
17.118886091373852	17.118886091373852	1.0396744502305274e-30
17.179205646864474	17.179205646864474	1.0511210926641025e-30
17.239557944504394	17.239557944504394	1.0626564954039969e-30
17.299942389236012	17.299942389236012	1.0742809673969108e-30
17.360358385684748	17.360358385684748	1.085994815259255e-30
17.420805338164946	17.420805338164946	1.0977983432443359e-30
17.48128265068573	17.48128265068573	1.1096918532098366e-30
17.541789726956882	17.541789726956882	1.1216756445848922e-30
17.602325970394716	17.602325970394716	1.1337500143376446e-30
17.66289078412797	17.66289078412797	1.1459152569425453e-30
17.723483571003683	17.723483571003683	1.1581716643475756e-30
17.784103733593092	17.784103733593092	1.1705195259419613e-30
17.84475067419751	17.84475067419751	1.1829591285232953e-30
17.90542379485423	17.90542379485423	1.1954907562652471e-30
17.966122497342415	17.966122497342415	1.2081146906849135e-30
18.026846183189004	18.026846183189004	1.2208312106105022e-30
18.087594253674595	18.087594253674595	1.2336405921487992e-30
18.14836610983937	18.14836610983937	1.2465431086528655e-30
18.20916115248898	18.20916115248898	1.259539030689735e-30
18.269978782200482	18.269978782200482	1.2726286260080636e-30
18.33081839932821	18.33081839932821	1.2858121595059519e-30
18.391679404009718	18.391679404009718	1.2990898931988211e-30
18.452561196171686	18.452561196171686	1.3124620861872225e-30
18.513463175535833	18.513463175535833	1.3259289946248213e-30
18.574384741624833	18.574384741624833	1.3394908716864949e-30
18.635325293768243	18.635325293768243	1.3531479675362658e-30
18.69628423110843	18.69628423110843	1.366900529295539e-30
18.757260952606472	18.757260952606472	1.3807488010113091e-30
18.81825485704812	18.81825485704812	1.3946930236244445e-30
18.87926534304969	18.87926534304969	1.4087334349380671e-30
18.940291809064007	18.940291809064007	1.4228702695859903e-30
19.001333653386354	19.001333653386354	1.4371037590012559e-30
19.062390274160368	19.062390274160368	1.4514341313847623e-30
19.12346106938401	19.12346106938401	1.4658616116739543e-30
19.184545436915474	19.184545436915474	1.480386421511655e-30
19.245642774479144	19.245642774479144	1.495008779214856e-30
19.306752479671516	19.306752479671516	1.509728899743801e-30
19.36787394996714	19.36787394996714	1.524546994671073e-30
19.429006582724583	19.429006582724583	1.5394632721507145e-30
19.490149775192332	19.490149775192332	1.554477936887526e-30
19.551302924514772	19.551302924514772	1.5695911901065033e-30
19.61246542773811	19.61246542773811	1.5848032295223225e-30
19.67363668181633	19.67363668181633	1.6001142493089483e-30
19.73481608361713	19.73481608361713	1.6155244400693496e-30
19.796003029927878	19.796003029927878	1.6310339888054704e-30
19.857196917461554	19.857196917461554	1.64664307888801e-30
19.918397142862695	19.918397142862695	1.6623518900266684e-30
19.97960310271336	19.97960310271336	1.6781605982402674e-30
20.04081419353905	20.04081419353905	1.6940693758272534e-30
20.102029811814692	20.102029811814692	1.7100783913359555e-30
20.163249353970567	20.163249353970567	1.726187809535415e-30
20.224472216398265	20.224472216398265	1.742397791386057e-30
20.28569779545665	20.28569779545665	1.7587084940105262e-30
20.346925487477783	20.346925487477783	1.7751200706647284e-30
20.408154688772907	20.408154688772907	1.791632670709244e-30
20.469384795638376	20.469384795638376	1.8082464395802225e-30
20.53061520436162	20.53061520436162	1.8249615187613384e-30
20.591845311227093	20.591845311227093	1.841778045755083e-30
20.653074512522217	20.653074512522217	1.85869615405468e-30
20.71430220454335	20.71430220454335	1.8757159731160093e-30
20.775527783601735	20.775527783601735	1.892837628329796e-30
20.836750646029433	20.836750646029433	1.910061240993764e-30
20.897970188185308	20.897970188185308	1.927386928285149e-30
20.95918580646095	20.95918580646095	1.9448148032332255e-30
21.02039689728664	21.02039689728664	1.962344974692269e-30
21.081602857137305	21.081602857137305	1.9799775473142505e-30
21.142803082538446	21.142803082538446	1.997712621522229e-30
21.203996970072122	21.203996970072122	2.01555029348352e-30
21.26518391638287	21.26518391638287	2.0334906550831726e-30
21.32636331818367	21.32636331818367	2.0515337938977077e-30
21.38753457226189	21.38753457226189	2.0696797931689334e-30
21.448697075485228	21.448697075485228	2.087928731778127e-30
21.509850224807668	21.509850224807668	2.1062806842201832e-30
21.570993417275417	21.570993417275417	2.1247357205780147e-30
21.63212605003286	21.63212605003286	2.1432939064971653e-30
21.693247520328484	21.693247520328484	2.1619553031609322e-30
21.754357225520856	21.754357225520856	2.1807199672651166e-30
21.815454563084526	21.815454563084526	2.1995879509933624e-30
21.87653893061599	21.87653893061599	2.2185593019926825e-30
21.937609725839632	21.937609725839632	2.2376340633490498e-30
21.998666346613646	21.998666346613646	2.256812273563227e-30
22.059708190935993	22.059708190935993	2.276093966527125e-30
22.120734656950315	22.120734656950315	2.2954791714996617e-30
22.18174514295188	22.18174514295188	2.3149679130838132e-30
22.242739047393524	22.242739047393524	2.3345602112029967e-30
22.30371576889157	22.30371576889157	2.3542560810783172e-30
22.364674706231753	22.364674706231753	2.3740555332055237e-30
22.425615258375167	22.425615258375167	2.393958573332465e-30
22.48653682446417	22.48653682446417	2.413965202437162e-30
22.547438803828314	22.547438803828314	2.4340754167052133e-30
22.608320595990282	22.608320595990282	2.4542892075082363e-30
22.66918160067179	22.66918160067179	2.47460656138206e-30
22.73002121779952	22.73002121779952	2.495027460005534e-30
22.79083884751102	22.79083884751102	2.5155518801793517e-30
22.851633890160635	22.851633890160635	2.5361797938050085e-30
22.91240574632541	22.91240574632541	2.5569111678644065e-30
22.973153816810996	22.973153816810996	2.5777459643993604e-30
23.033877502657585	23.033877502657585	2.598684140491313e-30
23.09457620514577	23.09457620514577	2.619725648241713e-30
23.155249325802494	23.155249325802494	2.6408704347523278e-30
23.215896266406908	23.215896266406908	2.662118442105714e-30
23.276516428996317	23.276516428996317	2.6834696073463688e-30
23.33710921587203	23.33710921587203	2.7049238624617575e-30
23.397674029605284	23.397674029605284	2.726481134363686e-30
23.458210273043118	23.458210273043118	2.7481413448701874e-30
23.51871734931427	23.51871734931427	2.7699044106873995e-30
23.579194661835054	23.579194661835054	2.791770243391668e-30
23.639641614315252	23.639641614315252	2.8137387494123065e-30
23.700057610763988	23.700057610763988	2.835809830014387e-30
23.760442055495606	23.760442055495606	2.8579833812814853e-30
23.820794353135526	23.820794353135526	2.8802592940995223e-30
23.881113908626148	23.881113908626148	2.9026374541399454e-30
23.94140012723269	23.94140012723269	2.925117741844059e-30
24.001652414549078	24.001652414549078	2.9477000324068816e-30
24.06187017650377	24.06187017650377	2.970384195761953e-30
24.12205281936565	24.12205281936565	2.9931700965659172e-30
24.18219974974986	24.18219974974986	3.0160575941836288e-30
24.24231037462366	24.24231037462366	3.0390465426737503e-30
24.302384101312274	24.302384101312274	3.0621367907740483e-30
24.36242033750473	24.36242033750473	3.085328181887709e-30
24.422418491259705	24.422418491259705	3.108620554069553e-30
24.48237797101136	24.48237797101136	3.132013740012447e-30
24.542298185575156	24.542298185575156	3.1555075670343226e-30
24.602178544153727	24.602178544153727	3.179101857065343e-30
24.662018456342643	24.662018456342643	3.202796426635414e-30
24.721817332136297	24.721817332136297	3.226591086862192e-30
24.781574581933665	24.781574581933665	3.250485643438477e-30
24.841289616544156	24.841289616544156	3.274479896621604e-30
24.90096184719341	24.90096184719341	3.2985736412214744e-30
24.960590685529098	24.960590685529098	3.322766666590111e-30
25.02017554362673	25.02017554362673	3.347058756610703e-30
25.07971583399545	25.07971583399545	3.371449689687406e-30
25.139210969583825	25.139210969583825	3.3959392387354935e-30
25.198660363785642	25.198660363785642	3.420527171171179e-30
25.258063430445677	25.258063430445677	3.445213248903338e-30
25.317419583865494	25.317419583865494	3.469997228323329e-30
25.3767282388092	25.3767282388092	3.494878860297286e-30
25.435988810509226	25.435988810509226	3.51985789015676e-30
25.495200714672098	25.495200714672098	3.544934057691852e-30
25.554363367484186	25.554363367484186	3.570107097142612e-30
25.613476185617458	25.613476185617458	3.595376737192186e-30
25.672538586235255	25.672538586235255	3.620742700959448e-30
25.731549986998004	25.731549986998004	3.6462047059929005e-30
25.790509806068986	25.790509806068986	3.6717624642632584e-30
25.84941746212007	25.84941746212007	3.697415682159074e-30
25.90827237433742	25.90827237433742	3.723164060479241e-30
25.967073962427268	25.967073962427268	3.749007294429148e-30
26.025821646621573	26.025821646621573	3.7749450736148636e-30
26.0845148476838	26.0845148476838	3.800977082038818e-30
26.143152986914593	26.143152986914593	3.827102998095371e-30
26.20173548615749	26.20173548615749	3.853322494567042e-30
26.260261767804625	26.260261767804625	3.879635238620903e-30
26.31873125480243	26.31873125480243	3.9060408918050356e-30
26.377143370657297	26.377143370657297	3.932539110046059e-30
26.435497539441307	26.435497539441307	3.959129543646167e-30
26.493793185797873	26.493793185797873	3.985811837281394e-30
26.55202973494742	26.55202973494742	4.012585629999451e-30
26.61020661269306	26.61020661269306	4.039450555218137e-30
26.668323245426244	26.668323245426244	4.0664062407245584e-30
26.726379060132427	26.726379060132427	4.0934523086743004e-30
26.784373484396724	26.784373484396724	4.120588375590611e-30
26.842305946409518	26.842305946409518	4.147814052364887e-30
26.900175874972152	26.900175874972152	4.175128944256587e-30
26.95798269950251	26.95798269950251	4.202532650894134e-30
27.015725850040674	27.015725850040674	4.230024766275635e-30
27.073404757254536	27.073404757254536	4.257604878770876e-30
27.131018852445408	27.131018852445408	4.28527257112197e-30
27.18856756755363	27.18856756755363	4.313027420446949e-30
27.246050335164174	27.246050335164174	4.340868998240756e-30
27.303466588512237	27.303466588512237	4.368796870379068e-30
27.36081576148883	27.36081576148883	4.396810597121209e-30
27.41809728864635	27.41809728864635	4.424909733113801e-30
27.475310605204186	27.475310605204186	4.453093827394257e-30
27.532455147054236	27.532455147054236	4.481362423395804e-30
27.589530350766513	27.589530350766513	4.509715058951575e-30
27.646535653594693	27.646535653594693	4.538151266299911e-30
27.703470493481642	27.703470493481642	4.566670572089732e-30
27.760334309064984	27.760334309064984	4.595272497386055e-30
27.817126539682608	27.817126539682608	4.623956557676955e-30
27.873846625378235	27.873846625378235	4.6527222628787434e-30
27.93049400690689	27.93049400690689	4.681569117344341e-30
27.987068125740457	27.987068125740457	4.71049661986925e-30
28.043568424073175	28.043568424073175	4.7395042637002745e-30
28.09999434482712	28.09999434482712	4.768591536542402e-30
28.156345331657718	28.156345331657718	4.797757920568315e-30
28.212620828959224	28.212620828959224	4.8270028924263285e-30
28.2688202818702	28.2688202818702	4.856325923249849e-30
28.324943136278982	28.324943136278982	4.885726478666767e-30
28.38098883882915	28.38098883882915	4.9152040188093456e-30
28.436956836924974	28.436956836924974	4.94475799832459e-30
28.49284657873688	28.49284657873688	4.974387866384583e-30
28.54865751320688	28.54865751320688	5.004093066697839e-30
28.604389090054	28.604389090054	5.0338730375202236e-30
28.660040759779697	28.660040759779697	5.063727211666979e-30
28.71561197367333	28.71561197367333	5.093655016524896e-30
28.771102183817483	28.771102183817483	5.123655874064478e-30
28.826510843093455	28.826510843093455	5.153729200853273e-30
28.88183740518659	28.88183740518659	5.183874408068541e-30
28.937081324591702	28.937081324591702	5.2140909015112186e-30
28.992242056618437	28.992242056618437	5.244378081619755e-30
29.04731905739664	29.04731905739664	5.2747353434846805e-30
29.10231178388173	29.10231178388173	5.305162076863151e-30
29.157219693860053	29.157219693860053	5.335657666193655e-30
29.21204224595421	29.21204224595421	5.366221490612415e-30
29.266778899628417	29.266778899628417	5.396852923968456e-30
29.321429115193823	29.321429115193823	5.427551334840171e-30
29.37599235381383	29.37599235381383	5.458316086551598e-30
29.430468077509428	29.430468077509428	5.489146537189468e-30
29.484855749164453	29.484855749164453	5.520042039620973e-30
29.539154832530933	29.539154832530933	5.551001941511084e-30
29.59336479223434	29.59336479223434	5.5820255853403425e-30
29.647485093778887	29.647485093778887	5.613112308423812e-30
29.70151520355279	29.70151520355279	5.64426144292974e-30
29.755454588833537	29.755454588833537	5.675472315898563e-30
29.809302717793134	29.809302717793134	5.7067442492626315e-30
29.863059059503335	29.863059059503335	5.738076559866044e-30
29.916723083940923	29.916723083940923	5.769468559484971e-30
29.970294261992876	29.970294261992876	5.8009195548480736e-30
30.023772065461625	30.023772065461625	5.832428847657906e-30
30.077155967070254	30.077155967070254	5.863995734612119e-30
30.13044544046768	30.13044544046768	5.895619507425067e-30
30.18363996023386	30.18363996023386	5.9272994528502516e-30
30.23673900188499	30.23673900188499	5.959034852702109e-30
30.28974204187863	30.28974204187863	5.990824983879705e-30
30.342648557618904	30.342648557618904	6.0226691183893925e-30
30.395458027461626	30.395458027461626	6.0545665233681954e-30
30.448169930719473	30.448169930719473	6.086516461108696e-30
30.500783747667093	30.500783747667093	6.1185181890819885e-30
30.553298959546247	30.553298959546247	6.150570959963216e-30
30.6057150485709	30.6057150485709	6.1826740216562516e-30
30.658031497932356	30.658031497932356	6.2148266173190124e-30
30.710247791804342	30.710247791804342	6.2470279853891295e-30
30.762363415348073	30.762363415348073	6.279277359610504e-30
30.81437785471737	30.81437785471737	6.311573969058783e-30
30.866290597063685	30.866290597063685	6.343917038168874e-30
30.918101130541185	30.918101130541185	6.376305786761631e-30
30.969808944311787	30.969808944311787	6.408739430071683e-30
31.0214135285502	31.0214135285502	6.441217178774984e-30
31.07291437444894	31.07291437444894	6.473738239016605e-30
31.124310974223363	31.124310974223363	6.506301812440387e-30
31.175602821116655	31.175602821116655	6.538907096216252e-30
31.226789409404855	31.226789409404855	6.57155328307053e-30
31.277870234401814	31.277870234401814	6.604239561315164e-30
31.328844792464174	31.328844792464174	6.636965114877378e-30
31.37971258099634	31.37971258099634	6.66972912332992e-30
31.43047309845546	31.43047309845546	6.702530761921967e-30
31.481125844356324	31.481125844356324	6.735369201609461e-30
31.531670319276316	31.531670319276316	6.768243609086399e-30
31.582106024860366	31.582106024860366	6.801153146817362e-30
31.632432463825825	31.632432463825825	6.834096973067804e-30
31.68264913996738	31.68264913996738	6.867074241937492e-30
31.732755558161962	31.732755558161962	6.900084103392503e-30
31.78275122437362	31.78275122437362	6.933125703297776e-30
31.832635645658364	31.832635645658364	6.966198183451378e-30
31.882408330169074	31.882408330169074	6.99930068161711e-30
31.932068787160315	31.932068787160315	7.032432331558208e-30
31.98161652699318	31.98161652699318	7.065592263072063e-30
32.03105106114013	32.03105106114013	7.098779602024817e-30
32.080371902189825	32.080371902189825	7.131993470385638e-30
32.12957856385185	32.12957856385185	7.165232986261795e-30
32.178670560961635	32.178670560961635	7.198497263934399e-30
32.22764740948513	32.22764740948513	7.231785413894092e-30
32.276508626523636	32.276508626523636	7.265096542876997e-30
32.325253730318536	32.325253730318536	7.298429753901137e-30
32.37388224025608	32.37388224025608	7.331784146302782e-30
32.42239367687209	32.42239367687209	7.365158815773708e-30
32.470787561856696	32.470787561856696	7.398552854398797e-30
32.51906341805906	32.51906341805906	7.43196535069284e-30
32.56722076949208	32.56722076949208	7.465395389638905e-30
32.61525914133708	32.61525914133708	7.49884205272558e-30
32.66317805994848	32.66317805994848	7.532304417987435e-30
32.710977052858475	32.710977052858475	7.565781560041673e-30
32.758655648781726	32.758655648781726	7.599272550128045e-30
32.80621337761994	32.80621337761994	7.632776456147996e-30
32.85364977046656	32.85364977046656	7.666292342704973e-30
32.90096435961137	32.90096435961137	7.699819271142847e-30
32.948156678545104	32.948156678545104	7.733356299587213e-30
32.99522626196405	32.99522626196405	7.766902482986047e-30
33.04217264577461	33.04217264577461	7.800456873148649e-30
33.08899536709795	33.08899536709795	7.834018518789283e-30
33.13569396427446	33.13569396427446	7.867586465566106e-30
33.18226797686842	33.18226797686842	7.901159756124203e-30
33.22871694567243	33.22871694567243	7.934737430136289e-30
33.27504041271201	33.27504041271201	7.968318524345737e-30
33.3212379212501	33.3212379212501	8.001902072607878e-30
33.36730901579155	33.36730901579155	8.035487105934035e-30
33.41325324208761	33.41325324208761	8.06907265253282e-30
33.45907014714044	33.45907014714044	8.102657737853965e-30
33.50475927920752	33.50475927920752	8.136241384632167e-30
33.550320187806165	33.550320187806165	8.169822612929338e-30
33.59575242371794	33.59575242371794	8.203400440179658e-30
33.64105553899307	33.64105553899307	8.236973881233689e-30
33.68622908695489	33.68622908695489	8.27054194840141e-30
33.73127262220422	33.73127262220422	8.304103651498407e-30
33.7761857006238	33.7761857006238	8.337657997889651e-30
33.82096787938259	33.82096787938259	8.371203992534791e-30
33.86561871694025	33.86561871694025	8.404740638033347e-30
33.91013777305136	33.91013777305136	8.438266934670828e-30
33.95452460876989	33.95452460876989	8.471781880463699e-30
33.99877878645343	33.99877878645343	8.505284471205577e-30
34.04289986976755	34.04289986976755	8.538773700513743e-30
34.08688742369012	34.08688742369012	8.572248559874912e-30
34.13074101451554	34.13074101451554	8.605708038692434e-30
34.17446020985908	34.17446020985908	8.639151124332754e-30
34.21804457866108	34.21804457866108	8.672576802172563e-30
34.26149369119126	34.26149369119126	8.70598405564672e-30
34.304807119052924	34.304807119052924	8.739371866293723e-30
34.34798443518721	34.34798443518721	8.772739213806e-30
34.39102521387723	34.39102521387723	8.806085076075624e-30
34.43392903075237	34.43392903075237	8.839408429243382e-30
34.47669546279239	34.47669546279239	8.872708247747123e-30
34.519324088331665	34.519324088331665	8.905983504369359e-30
34.561814487063266	34.561814487063266	8.939233170286805e-30
34.60416624004316	34.60416624004316	8.97245621511822e-30
34.64637892969432	34.64637892969432	9.005651606974555e-30
34.68845213981087	34.68845213981087	9.038818312507209e-30
34.730385455562136	34.730385455562136	9.071955296957463e-30
34.772178463496765	34.772178463496765	9.105061524206234e-30
34.813830751546824	34.813830751546824	9.138135956824242e-30
34.85534190903182	34.85534190903182	9.171177556120254e-30
34.896711526662784	34.896711526662784	9.204185282192856e-30
34.93793919654629	34.93793919654629	9.237158093979447e-30
34.979024512188474	34.979024512188474	9.270094949307301e-30
35.019967068499035	35.019967068499035	9.302994804943446e-30
35.060766461795275	35.060766461795275	9.335856616645579e-30
35.10142228980601	35.10142228980601	9.368679339213005e-30
35.14193415167559	35.14193415167559	9.401461926537442e-30
35.18230164796783	35.18230164796783	9.434203331653534e-30
35.22252438066996	35.22252438066996	9.466902506790684e-30
35.262601953196516	35.262601953196516	9.49955840342417e-30
35.3025339703933	35.3025339703933	9.532169972327012e-30
35.34232003854124	35.34232003854124	9.564736163620401e-30
35.38195976536027	35.38195976536027	9.59725592682667e-30
35.421452760013246	35.421452760013246	9.629728210920798e-30
35.460798633109725	35.460798633109725	9.662151964381678e-30
35.49999699670987	35.49999699670987	9.694526135245028e-30
35.539047464328235	35.539047464328235	9.726849671154878e-30
35.5779496509376	35.5779496509376	9.759121519416736e-30
35.61670317297273	35.61670317297273	9.791340627049002e-30
35.65530764833422	35.65530764833422	9.823505940836047e-30
35.69376269639221	35.69376269639221	9.855616407380382e-30
35.732067937990145	35.732067937990145	9.887670973156311e-30
35.77022299544852	35.77022299544852	9.919668584561207e-30
35.80822749256863	35.80822749256863	9.951608187969449e-30
35.84608105463624	35.84608105463624	9.983488729785463e-30
35.88378330842527	35.88378330842527	1.0015309156495504e-29
35.92133388220155	35.92133388220155	1.004706841472263e-29
35.95873240572639	35.95873240572639	1.0078765451278004e-29
35.9959785102603	35.9959785102603	1.0110399213215777e-29
36.03307182856659	36.03307182856659	1.0141968647885164e-29
36.07001199491502	36.07001199491502	1.0173472702984436e-29
36.10679864508535	36.10679864508535	1.0204910326614127e-29
36.143431416371	36.143431416371	1.0236280467331344e-29
36.17990994758259	36.17990994758259	1.0267582074201326e-29
36.2162338790515	36.2162338790515	1.0298814096853678e-29
36.25240285263342	36.25240285263342	1.0329975485534015e-29
36.288416511711894	36.288416511711894	1.0361065191158271e-29
36.32427450120181	36.32427450120181	1.0392082165367263e-29
36.35997646755294	36.35997646755294	1.042302536057841e-29
36.39552205875339	36.39552205875339	1.0453893730042008e-29
36.43091092433307	36.43091092433307	1.0484686227893811e-29
36.466142715367184	36.466142715367184	1.0515401809207881e-29
36.501217084479634	36.501217084479634	1.0546039430053319e-29
36.53613368584647	36.53613368584647	1.057659804754441e-29
36.57089217519929	36.57089217519929	1.0607076619898651e-29
36.60549220982863	36.60549220982863	1.0637474106486695e-29
36.63993344858735	36.63993344858735	1.066778946788946e-29
36.674215551893994	36.674215551893994	1.0698021665949935e-29
36.70833818173614	36.70833818173614	1.0728169663828939e-29
36.742301001673724	36.742301001673724	1.0758232426056931e-29
36.77610367684238	36.77610367684238	1.0788208918589957e-29
36.809745873956714	36.809745873956714	1.0818098108862918e-29
36.843227261313615	36.843227261313615	1.0847898965842029e-29
36.876547508795504	36.876547508795504	1.0877610460081032e-29
36.9097062878736	36.9097062878736	1.0907231563774276e-29
36.94270327161115	36.94270327161115	1.0936761250809724e-29
36.975538134666685	36.975538134666685	1.0966198496823088e-29
37.008210553297175	37.008210553297175	1.0995542279252639e-29
37.04072020536127	37.04072020536127	1.1024791577391867e-29
37.07306677032243	37.07306677032243	1.1053945372443563e-29
37.10524992925214	37.10524992925214	1.1083002647573902e-29
37.137269364832996	37.137269364832996	1.1111962387964991e-29
37.16912476136189	37.16912476136189	1.1140823580869398e-29
37.200815804753084	37.200815804753084	1.1169585215664101e-29
37.2323421825413	37.2323421825413	1.1198246283902282e-29
37.26370358388486	37.26370358388486	1.1226805779368323e-29
37.294899699568674	37.294899699568674	1.1255262698130975e-29
37.32593022200733	37.32593022200733	1.1283616038595512e-29
37.35679484524814	37.35679484524814	1.1311864801558141e-29
37.38749326497412	37.38749326497412	1.1340007990258565e-29
37.418025178507015	37.418025178507015	1.1368044610433545e-29
37.44839028481028	37.44839028481028	1.1395973670369469e-29
37.478588284492034	37.478588284492034	1.1423794180954988e-29
37.50861887980803	37.50861887980803	1.145150515573443e-29
37.5384817746646	37.5384817746646	1.1479105610960576e-29
37.56817667462151	37.56817667462151	1.1506594565646792e-29
37.597703286894976	37.597703286894976	1.1533971041619126e-29
37.62706132036044	37.62706132036044	1.1561234063571026e-29
37.65625048555549	37.65625048555549	1.1588382659112603e-29
37.68527049468272	37.68527049468272	1.1615415858824289e-29
37.714121061612566	37.714121061612566	1.1642332696309697e-29
37.74280190188611	37.74280190188611	1.166913220824648e-29
37.77131273271789	37.77131273271789	1.1695813434438733e-29
37.79965327299868	37.79965327299868	1.172237541786836e-29
37.82782324329832	37.82782324329832	1.174881720474649e-29
37.85582236586837	37.85582236586837	1.1775137844566586e-29
37.88365036464493	37.88365036464493	1.1801336390152956e-29
37.91130696525134	37.91130696525134	1.1827411897715584e-29
37.93879189500087	37.93879189500087	1.185336342689711e-29
37.96610488289941	37.96610488289941	1.187919004082774e-29
37.993245659648174	37.993245659648174	1.1904890806172453e-29
38.02021395764631	38.02021395764631	1.1930464793184678e-29
38.04700951099358	38.04700951099358	1.1955911075755542e-29
38.073632055492965	38.073632055492965	1.1981228731463092e-29
38.10008132865323	38.10008132865323	1.2006416841623696e-29
38.126357069691586	38.126357069691586	1.2031474491342741e-29
38.15245901953621	38.15245901953621	1.2056400769562139e-29
38.17838692082883	38.17838692082883	1.2081194769113266e-29
38.204140517927215	38.204140517927215	1.210585558676231e-29
38.22971955690776	38.22971955690776	1.2130382323263999e-29
38.25512378556793	38.25512378556793	1.2154774083406786e-29
38.2803529534288	38.2803529534288	1.2179029976064634e-29
38.30540681173748	38.30540681173748	1.2203149114244554e-29
38.33028511346958	38.33028511346958	1.2227130615135096e-29
38.354987613331666	38.354987613331666	1.2250973600154977e-29
38.37951406776366	38.37951406776366	1.2274677195001564e-29
38.40386423494124	38.40386423494124	1.2298240529697586e-29
38.428037874778234	38.428037874778234	1.2321662738641083e-29
38.45203474892898	38.45203474892898	1.2344942960650678e-29
38.475854620790685	38.475854620790685	1.2368080339014316e-29
38.499497255505744	38.499497255505744	1.2391074021536006e-29
38.52296241996406	38.52296241996406	1.2413923160582699e-29
38.546249882805355	38.546249882805355	1.2436626913130409e-29
38.569359414421434	38.569359414421434	1.245918444081284e-29
38.59229078695847	38.59229078695847	1.2481594909964164e-29
38.61504377431922	38.61504377431922	1.2503857491668526e-29
38.63761815216528	38.63761815216528	1.252597136180277e-29
38.66001369791929	38.66001369791929	1.2547935701084766e-29
38.68223019076712	38.68223019076712	1.2569749695116799e-29
38.70426741166006	38.70426741166006	1.259141253443074e-29
38.72612514331698	38.72612514331698	1.2612923414534529e-29
38.74780317022644	38.74780317022644	1.263428153595406e-29
38.769301278648875	38.769301278648875	1.2655486104280522e-29
38.79061925661865	38.79061925661865	1.267653633021123e-29
38.81175689394617	38.81175689394617	1.2697431429596498e-29
38.832713982219936	38.832713982219936	1.2718170623480888e-29
38.85349031480866	38.85349031480866	1.2738753138147757e-29
38.874085686863204	38.874085686863204	1.2759178205162155e-29
38.89449989531869	38.89449989531869	1.2779445061412264e-29
38.91473273889644	38.91473273889644	1.279955294915412e-29
38.934784018106	38.934784018106	1.2819501116051283e-29
38.9546535352471	38.9546535352471	1.2839288815218863e-29
38.97434109441157	38.97434109441157	1.2858915305264167e-29
38.99384650148532	38.99384650148532	1.287837985032785e-29
39.01316956415022	39.01316956415022	1.2897681720125495e-29
39.03231009188601	39.03231009188601	1.2916820189987986e-29
39.05126789597218	39.05126789597218	1.2935794540902233e-29
39.070042789489825	39.070042789489825	1.2954604059551427e-29
39.088634587323476	39.088634587323476	1.2973248038354004e-29
39.10704310616296	39.10704310616296	1.2991725775505278e-29
39.12526816450518	39.12526816450518	1.301003657501384e-29
39.1433095826559	39.1433095826559	1.3028179746743345e-29
39.16116718273153	39.16116718273153	1.3046154606448884e-29
39.1788407886609	39.1788407886609	1.30639604758168e-29
39.19633022618694	39.19633022618694	1.3081596682502396e-29
39.213635322868456	39.213635322868456	1.309906256016693e-29
39.23075590808178	39.23075590808178	1.3116357448515683e-29
39.24769181302252	39.24769181302252	1.3133480693335456e-29
39.26444287070714	39.26444287070714	1.3150431646529852e-29
39.281008915974674	39.281008915974674	1.3167209666157365e-29
39.29738978548832	39.29738978548832	1.3183814116465898e-29
39.31358531773705	39.31358531773705	1.320024436792979e-29
39.32959535303724	39.32959535303724	1.3216499797284317e-29
39.34541973353419	39.34541973353419	1.3232579787561554e-29
39.36105830320373	39.36105830320373	1.324848372812395e-29
39.37651090785369	39.37651090785369	1.3264211014700195e-29
39.39177739512554	39.39177739512554	1.3279761049418577e-29
39.40685761449575	39.40685761449575	1.3295133240839596e-29
39.42175141727738	39.42175141727738	1.3310327003991567e-29
39.436458656621475	39.436458656621475	1.3325341760401815e-29
39.45097918751859	39.45097918751859	1.3340176938129875e-29
39.46531286680015	39.46531286680015	1.3354831971799286e-29
39.47945955313988	39.47945955313988	1.3369306302631015e-29
39.493419107055225	39.493419107055225	1.3383599378473353e-29
39.50719139090869	39.50719139090869	1.3397710653833982e-29
39.52077626890922	39.52077626890922	1.3411639589910058e-29
39.534173607113544	39.534173607113544	1.3425385654619683e-29
39.54738327342746	39.54738327342746	1.343894832263209e-29
39.56040513760718	39.56040513760718	1.345232707539532e-29
39.57323907126057	39.57323907126057	1.346552140116825e-29
39.58588494784849	39.58588494784849	1.3478530795047795e-29
39.59834264268594	39.59834264268594	1.3491354758998065e-29
39.610612032943365	39.610612032943365	1.3503992801878677e-29
39.62269299764786	39.62269299764786	1.3516444439472803e-29
39.634585417684306	39.634585417684306	1.352870919451351e-29
39.646289175796625	39.646289175796625	1.3540786596712086e-29
39.65780415658887	39.65780415658887	1.3552676182784642e-29
39.66913024652639	39.66913024652639	1.3564377496476482e-29
39.680267333936975	39.680267333936975	1.3575890088591245e-29
39.691215309011895	39.691215309011895	1.3587213517013587e-29
39.70197406380703	39.70197406380703	1.3598347346735443e-29
39.71254349224393	39.71254349224393	1.3609291149880966e-29
39.72292349011085	39.72292349011085	1.362004450573026e-29
39.73311395506378	39.73311395506378	1.3630607000743175e-29
39.743114786627444	39.743114786627444	1.3640978228583435e-29
39.752925886196316	39.752925886196316	1.365115779014176e-29
39.76254715703558	39.76254715703558	1.3661145293557833e-29
39.77197850428206	39.77197850428206	1.3670940354242782e-29
39.781219834945205	39.781219834945205	1.3680542594902344e-29
39.79027105790796	39.79027105790796	1.3689951645555353e-29
39.79913208392769	39.79913208392769	1.3699167143558578e-29
39.80780282563704	39.80780282563704	1.3708188733624227e-29
39.816283197544834	39.816283197544834	1.3717016067842756e-29
39.82457311603688	39.82457311603688	1.3725648805699337e-29
39.83267249937681	39.83267249937681	1.3734086614097205e-29
39.840581267706874	39.840581267706874	1.3742329167373616e-29
39.848299343048744	39.848299343048744	1.375037614731986e-29
39.855826649304305	39.855826649304305	1.375822724319942e-29
39.86316311225634	39.86316311225634	1.3765882151764062e-29
39.87030865956932	39.87030865956932	1.3773340577273292e-29
39.87726322079009	39.87726322079009	1.378060223151066e-29
39.88402672734859	39.88402672734859	1.378766683379862e-29
39.89059911255851	39.89059911255851	1.379453411101654e-29
39.896980311617945	39.896980311617945	1.380120379761548e-29
39.90317026161006	39.90317026161006	1.3807675635632918e-29
39.90916890150369	39.90916890150369	1.381394937470841e-29
39.914976172153956	39.914976172153956	1.3820024772096692e-29
39.92059201630285	39.92059201630285	1.3825901592683216e-29
39.92601637857981	39.92601637857981	1.383157960899563e-29
39.931249205502255	39.931249205502255	1.3837058601217874e-29
39.936290445476125	39.936290445476125	1.3842338357203218e-29
39.941140048796434	39.941140048796434	1.3847418672485273e-29
39.9457979676477	39.9457979676477	1.38522993502901e-29
39.9502641561045	39.9502641561045	1.3856980201547466e-29
39.95453857013192	39.95453857013192	1.3861461044902242e-29
39.95862116758602	39.95862116758602	1.3865741706723748e-29
39.962511908214246	39.962511908214246	1.3869822021116706e-29
39.96621075365598	39.96621075365598	1.3873701829930268e-29
39.96971766744288	39.96971766744288	1.3877380982766594e-29
39.97303261499945	39.97303261499945	1.3880859336990405e-29
39.976155563643445	39.976155563643445	1.3884136757737984e-29
39.97908648258651	39.97908648258651	1.388721311792269e-29
39.98182534293478	39.98182534293478	1.3890088298245476e-29
39.984372117689766	39.984372117689766	1.38927621872e-29
39.98672678174952	39.98672678174952	1.389523468108187e-29
39.988889311910356	39.988889311910356	1.3897505683993294e-29
39.99085968686982	39.99085968686982	1.3899575107855722e-29
39.99263788723168	39.99263788723168	1.390144287241579e-29
39.994223895515645	39.994223895515645	1.3903108905262268e-29
39.99561769617736	39.99561769617736	1.3904573141850216e-29
39.99681927565392	39.99681927565392	1.390583552555273e-29
39.997828622480675	39.997828622480675	1.3906896007786153e-29
39.99864572764227	39.99864572764227	1.3907754548382395e-29
39.99927058589303	39.99927058589303	1.3908411116978428e-29
39.999703202841886	39.999703202841886	1.390886570046243e-29
39.999943670312476	39.999943670312476	1.3909118382164307e-29
40.0005199663464	40.0005199663464	1.390972396281556e-29
40.00273966607486	40.00273966607486	1.391205662076505e-29
40.006733053295164	40.006733053295164	1.391625388164553e-29
40.01250097560983	40.01250097560983	1.392231775758209e-29
40.020043484793774	40.020043484793774	1.3930249923133607e-29
40.029360532425386	40.029360532425386	1.394005244653975e-29
40.04045203528589	40.04045203528589	1.395172785880631e-29
40.05331788754787	40.05331788754787	1.39652791669636e-29
40.06795796401529	40.06795796401529	1.3980709858008408e-29
40.08437212120168	40.08437212120168	1.3998023900659517e-29
40.102560197750535	40.102560197750535	1.4017225746506297e-29
40.12252201461985	40.12252201461985	1.4038320330996818e-29
40.14425737517136	40.14425737517136	1.4061313074409613e-29
40.167766065217414	40.167766065217414	1.4086209882867612e-29
40.19304785304763	40.19304785304763	1.4113017149413606e-29
40.22010248944513	40.22010248944513	1.4141741755162661e-29
40.248929707697435	40.248929707697435	1.4172391070529028e-29
40.27952922360417	40.27952922360417	1.4204972956540092e-29
40.3119007354833	40.3119007354833	1.4239495766227517e-29
40.346043924176186	40.346043924176186	1.4275968346103397e-29
40.381958453052185	40.381958453052185	1.4314400037720783e-29
40.419643968013	40.419643968013	1.4354800679316122e-29
40.4591000974969	40.4591000974969	1.4397180607532835e-29
40.50032645248278	40.50032645248278	1.4441550659232795e-29
40.54332262649448	40.54332262649448	1.4487922173385324e-29
40.588088195604975	40.588088195604975	1.4536306993041e-29
40.63462271844075	40.63462271844075	1.4586717467388915e-29
40.68292573618638	40.68292573618638	1.463916645389138e-29
40.73299677258909	40.73299677258909	1.4693667320505033e-29
40.7848353339635	40.7848353339635	1.4750233947978506e-29
40.83844090919673	40.83844090919673	1.480888073223584e-29
40.89381296975331	40.89381296975331	1.4869622586834697e-29
40.95095096968051	40.95095096968051	1.493247494550803e-29
41.009854345613746	41.009854345613746	1.4997453764784894e-29
41.07052251678222	41.07052251678222	1.5064575526688295e-29
41.13295488501454	41.13295488501454	1.513385724151474e-29
41.19715083474476	41.19715083474476	1.5205316450687956e-29
41.26310973301841	41.26310973301841	1.5278971229695115e-29
41.33083092949871	41.33083092949871	1.5354840191094446e-29
41.40031375647308	41.40031375647308	1.5432942487606658e-29
41.47155752885964	41.47155752885964	1.551329781527419e-29
41.54456154421407	41.54456154421407	1.5595926416703327e-29
41.61932508273647	41.61932508273647	1.5680849084376848e-29
41.6958474072784	41.6958474072784	1.576808716404314e-29
41.77412776335037	41.77412776335037	1.5857662558179878e-29
41.85416537912905	41.85416537912905	1.5949597729527805e-29
41.935959465465004	41.935959465465004	1.6043915704702336e-29
42.01950921589041	42.01950921589041	1.6140640077870615e-29
42.10481380662712	42.10481380662712	1.6239795014508473e-29
42.19187239659467	42.19187239659467	1.6341405255220235e-29
42.2806841274186	42.2806841274186	1.6445496119633813e-29
42.37124812343898	42.37124812343898	1.6552093510364642e-29
42.46356349171897	42.46356349171897	1.6661223917044322e-29
42.55762932205367	42.55762932205367	1.677291442042673e-29
42.65344468697909	42.65344468697909	1.6887192696550087e-29
42.75100864178127	42.75100864178127	1.7004087020975407e-29
42.850320224505595	42.850320224505595	1.7123626273086028e-29
42.95137845596637	42.95137845596637	1.72458399404546e-29
43.05418233975636	43.05418233975636	1.7370758123271456e-29
43.1587308622566	43.1587308622566	1.749841153884343e-29
43.26502299264655	43.26502299264655	1.762883152614848e-29
43.37305768291408	43.37305768291408	1.7762050050457225e-29
43.48283386786593	43.48283386786593	1.7898099708014648e-29
43.594350465138135	43.594350465138135	1.803701373078334e-29
43.70760637520671	43.70760637520671	1.8178825991242427e-29
43.82260048139857	43.82260048139857	1.8323571007255426e-29
43.939331649902385	43.939331649902385	1.8471283946983267e-29
44.05779872977992	44.05779872977992	1.8622000633866354e-29
44.178000552977295	44.178000552977295	1.8775757551656297e-29
44.29993593433652	44.29993593433652	1.8932591849505622e-29
44.42360367160716	44.42360367160716	1.909254134711265e-29
44.54900254545827	44.54900254545827	1.9255644539918342e-29
44.67613131949026	44.67613131949026	1.9421940604359247e-29
44.804988740247275	44.804988740247275	1.959146940316968e-29
44.9355735372294	44.9355735372294	1.976427149073717e-29
45.067884422905315	45.067884422905315	1.9940388118505506e-29
45.20192009272485	45.20192009272485	2.011986124042991e-29
45.33767922513195	45.33767922513195	2.0302733518480903e-29
45.4751604815777	45.4751604815777	2.0489048328191066e-29
45.61436250653348	45.61436250653348	2.067884976425181e-29
45.75528392750434	45.75528392750434	2.0872182646158265e-29
45.89792335504255	45.89792335504255	2.1069092523889995e-29
46.0422793827613	46.0422793827613	2.1269625683644255e-29
46.188350587348545	46.188350587348545	2.1473829153607993e-29
46.33613552858106	46.33613552858106	2.168175070976671e-29
46.485632749338606	46.485632749338606	2.1893438881763356e-29
46.636840775618396	46.636840775618396	2.210894295878781e-29
46.78975811654945	46.78975811654945	2.232831299550805e-29
46.9443832644075	46.9443832644075	2.2551599818041186e-29
47.100714694629666	47.100714694629666	2.2778855029953154e-29
47.25875086582966	47.25875086582966	2.301013101830335e-29
47.41849021981286	47.41849021981286	2.324548095971292e-29
47.57993118159169	47.57993118159169	2.3484958826475713e-29
47.74307215940122	47.74307215940122	2.372861939269197e-29
47.90791154471477	47.90791154471477	2.397651824044077e-29
48.07444771225988	48.07444771225988	2.4228711765974758e-29
48.2426790200342	48.2426790200342	2.4485257185948875e-29
48.41260380932175	48.41260380932175	2.474621254367322e-29
48.58422040470934	48.58422040470934	2.5011636715393653e-29
48.75752711410294	48.75752711410294	2.5281589416595014e-29
48.93252222874451	48.93252222874451	2.555613120833136e-29
49.109204023228756	49.109204023228756	2.583532350357742e-29
49.287570755520136	49.287570755520136	2.6119228573599964e-29
49.46762066697013	49.46762066697013	2.640790955435076e-29
49.64935198233448	49.64935198233448	2.670143045287981e-29
49.832762909790745	49.832762909790745	2.6999856153765014e-29
50.01785164095595	50.01785164095595	2.7303252425557685e-29
50.20461635090444	50.20461635090444	2.7611685927246855e-29
50.39305519818582	50.39305519818582	2.792522421473371e-29
50.58316632484316	50.58316632484316	2.824393574731955e-29
50.77494785643134	50.77494785643134	2.85678898942123e-29
50.96839790203541	50.96839790203541	2.88971569410341e-29
51.16351455428941	51.16351455428941	2.9231808096341655e-29
51.36029588939499	51.36029588939499	2.9571915498159835e-29
51.55873996714054	51.55873996714054	2.991755222051216e-29
51.75884483092021	51.75884483092021	3.026879227996872e-29
51.960608507753264	51.960608507753264	3.062571064218606e-29
52.164029008303494	52.164029008303494	3.0988383228460253e-29
52.36910432689886	52.36910432689886	3.1356886922276243e-29
52.575832441551256	52.575832441551256	3.173129957585864e-29
52.784211313976435	52.784211313976435	3.211170001672285e-29
52.994238889614124	52.994238889614124	3.249816805422605e-29
53.20591309764829	53.20591309764829	3.2890784486105506e-29
53.41923185102752	53.41923185102752	3.3289631105024946e-29
53.63419304648563	53.63419304648563	3.369479070510854e-29
53.85079456456239	53.85079456456239	3.410634708846478e-29
54.06903426962444	54.06903426962444	3.452438507170691e-29
54.28891000988631	54.28891000988631	3.494899049246459e-29
54.51041961743168	54.51041961743168	3.5380250215874576e-29
54.73356090823469	54.73356090823469	3.5818252141071176e-29
54.958331682181594	54.958331682181594	3.6263085207656694e-29
55.1847297230923	55.1847297230923	3.6714839402154387e-29
55.412752798742346	55.412752798742346	3.7173605764451053e-29
55.64239866088482	55.64239866088482	3.763947639421817e-29
55.87366504527258	55.87366504527258	3.811254445731081e-29
56.10654967168061	56.10654967168061	3.8592904192155203e-29
56.34105024392838	56.34105024392838	3.908065091610447e-29
56.577164449902625	56.577164449902625	3.957588103177625e-29
56.81488996158007	56.81488996158007	4.007869203336593e-29
57.05422443505034	57.05422443505034	4.0589182512931874e-29
57.29516551053923	57.29516551053923	4.1107452166656855e-29
57.53771081243173	57.53771081243173	4.1633601801074935e-29
57.78185794929573	57.78185794929573	4.21677333392761e-29
58.027604513905345	58.027604513905345	4.27099498270701e-29
58.27494808326479	58.27494808326479	4.3260355439130203e-29
58.52388621863226	58.52388621863226	4.381905548508922e-29
58.77441646554392	58.77441646554392	4.4386156415613294e-29
59.02653635383817	59.02653635383817	4.496176582842381e-29
59.28024339767994	59.28024339767994	4.554599247429861e-29
59.535535095585246	59.535535095585246	4.61389462630189e-29
59.79240893044583	59.79240893044583	4.6740738269284433e-29
60.05086236955398	60.05086236955398	4.735148073858165e-29
60.31089286462752	60.31089286462752	4.79712870930139e-29
60.572497851834896	60.572497851834896	4.860027193707894e-29
60.83567475182052	60.83567475182052	4.9238551063403057e-29
61.10042096973014	61.10042096973014	4.988624145843468e-29
61.36673389523643	61.36673389523643	5.054346130808166e-29
61.63461090256474	61.63461090256474	5.121033000328999e-29
61.90404935051906	61.90404935051906	5.188696814559763e-29
62.1750465825079	62.1750465825079	5.257349755260602e-29
62.44759992657062	62.44759992657062	5.327004126341311e-29
62.721706695403746	62.721706695403746	5.397672354398024e-29
62.99736418638739	62.99736418638739	5.469366989246688e-29
63.274569681612	63.274569681612	5.542100704446576e-29
63.553320447905115	63.553320447905115	5.615886297821899e-29
63.83361373685831	63.83361373685831	5.690736691974581e-29
64.11544678485427	64.11544678485427	5.766664934792125e-29
64.39881681309407	64.39881681309407	5.843684199948438e-29
64.68372102762461	64.68372102762461	5.921807787398442e-29
64.9701566193661	64.9701566193661	6.001049123866317e-29
65.25812076413973	65.25812076413973	6.081421763326345e-29
65.54761062269564	65.54761062269564	6.162939387476959e-29
65.83862334074078	65.83862334074078	6.245615806208434e-29
66.13115604896717	66.13115604896717	6.329464958062541e-29
66.42520586308004	66.42520586308004	6.414500910685108e-29
66.72076988382646	66.72076988382646	6.500737861271403e-29
67.01784519702375	67.01784519702375	6.58819013700418e-29
67.31642887358832	67.31642887358832	6.676872195482802e-29
67.61651796956453	67.61651796956453	6.766798625145947e-29
67.91810952615367	67.91810952615367	6.857984145685658e-29
68.2212005697432	68.2212005697432	6.950443608453221e-29
68.52578811193604	68.52578811193604	7.04419199685709e-29
68.83186914957997	68.83186914957997	7.139244426752708e-29
69.13944066479738	69.13944066479738	7.23561614682253e-29
69.44849962501493	69.44849962501493	7.333322538949457e-29
69.75904298299342	69.75904298299342	7.432379118579473e-29
70.07106767685794	70.07106767685794	7.532801535077534e-29
70.38457063012797	70.38457063012797	7.634605572072035e-29
70.69954875174774	70.69954875174774	7.737807147792838e-29
71.01599893611674	71.01599893611674	7.842422315397195e-29
71.33391806312032	71.33391806312032	7.948467263289522e-29
71.6533029981604	71.6533029981604	8.055958315427895e-29
71.97415059218643	71.97415059218643	8.164911931624856e-29
72.29645768172647	72.29645768172647	8.275344707835184e-29
72.62022108891833	72.62022108891833	8.387273376436594e-29
72.94543762154089	72.94543762154089	8.500714806497632e-29
73.27210407304563	73.27210407304563	8.615686004037746e-29
73.60021722258818	73.60021722258818	8.732204112276754e-29
73.92977383506016	73.92977383506016	8.850286411872492e-29
74.26077066112099	74.26077066112099	8.969950321149282e-29
74.59320443722997	74.59320443722997	9.091213396316336e-29
74.92707188567849	74.92707188567849	9.214093331674024e-29
75.26236971462225	75.26236971462225	9.338607959810158e-29
75.59909461811382	75.59909461811382	9.464775251784997e-29
75.93724327613523	75.93724327613523	9.592613317305691e-29
76.27681235463061	76.27681235463061	9.722140404889632e-29
76.6177985055391	76.6177985055391	9.853374902015215e-29
76.96019836682797	76.96019836682797	9.986335335263472e-29
77.30400856252564	77.30400856252564	1.012104037044595e-28
77.64922570275495	77.64922570275495	1.0257508812722207e-28
77.99584638376672	77.99584638376672	1.0395759606705456e-28
78.34386718797322	78.34386718797322	1.053581183655688e-28
78.69328468398186	78.69328468398186	1.0677684726066089e-28
79.04409542662903	79.04409542662903	1.0821397638722762e-28
79.3962959570141	79.3962959570141	1.0966970077771872e-28
79.74988280253345	79.74988280253345	1.1114421686261497e-28
80.10485247691489	80.10485247691489	1.1263772247074238e-28
80.46120148025173	80.46120148025173	1.1415041682948595e-28
80.8189262990376	80.8189262990376	1.1568250056486793e-28
81.17802340620092	81.17802340620092	1.1723417570149639e-28
81.53848926113966	81.53848926113966	1.188056456624001e-28
81.90032030975638	81.90032030975638	1.2039711526872004e-28
82.26351298449312	82.26351298449312	1.22008790739281e-28
82.62806370436671	82.62806370436671	1.2364087969002112e-28
82.99396887500396	82.99396887500396	1.2529359113331038e-28
83.36122488867724	83.36122488867724	1.269671354771135e-28
83.72982812433985	83.72982812433985	1.2866172452403902e-28
84.09977494766191	84.09977494766191	1.3037757147023041e-28
84.47106171106614	84.47106171106614	1.3211489090415553e-28
84.8436847537638	84.8436847537638	1.3387389880523065e-28
85.2176404017907	85.2176404017907	1.3565481254231345e-28
85.59292496804366	85.59292496804366	1.37457850872079e-28
85.9695347523166	85.9695347523166	1.3928323393721615e-28
86.34746604133719	86.34746604133719	1.4113118326453534e-28
86.72671510880346	86.72671510880346	1.4300192176289522e-28
87.10727821542042	87.10727821542042	1.4489567372099587e-28
87.48915160893702	87.48915160893702	1.4681266480504964e-28
87.87233152418318	87.87233152418318	1.4875312205629251e-28
88.25681418310678	88.25681418310678	1.5071727388834331e-28
88.64259579481106	88.64259579481106	1.5270535008445562e-28
89.02967255559193	89.02967255559193	1.5471758179456554e-28
89.41804064897545	89.41804064897545	1.5675420153225005e-28
89.80769624575547	89.80769624575547	1.5881544317150223e-28
90.19863550403142	90.19863550403142	1.6090154194339217e-28
90.5908545692462	90.5908545692462	1.6301273443253493e-28
90.98434957422407	90.98434957422407	1.6514925857343935e-28
91.37911663920895	91.37911663920895	1.6731135364671625e-28
91.77515187190254	91.77515187190254	1.694992602751049e-28
92.17245136750273	92.17245136750273	1.7171322041937961e-28
92.57101120874219	92.57101120874219	1.7395347737407462e-28
92.97082746592683	92.97082746592683	1.7622027576308863e-28
93.37189619697467	93.37189619697467	1.7851386153511447e-28
93.77421344745468	93.77421344745468	1.8083448195891353e-28
94.17777525062574	94.17777525062574	1.831823856184513e-28
94.58257762747579	94.58257762747579	1.8555782240787381e-28
94.98861658676103	94.98861658676103	1.879610435263161e-28
95.3958881250453	95.3958881250453	1.9039230147257048e-28
95.80438822673952	95.80438822673952	1.9285185003960433e-28
96.2141128641413	96.2141128641413	1.9533994430886505e-28
96.62505799747467	96.62505799747467	1.978568406445341e-28
97.03721957492988	97.03721957492988	2.0040279668751555e-28
97.45059353270341	97.45059353270341	2.0297807134931864e-28
97.86517579503791	97.86517579503791	2.055829248057933e-28
98.28096227426255	98.28096227426255	2.0821761849065583e-28
98.69794887083319	98.69794887083319	2.108824150889319e-28
99.11613147337286	99.11613147337286	2.135775785301281e-28
99.53550595871229	99.53550595871229	2.1630337398136974e-28
99.9560681919306	99.9560681919306	2.1906006784029405e-28
100.37781402639598	100.37781402639598	2.21847927727789e-28
100.80073930380667	100.80073930380667	2.2466722248061024e-28
101.22483985423185	101.22483985423185	2.2751822214379504e-28
101.6501114961529	101.6501114961529	2.3040119796293826e-28
102.0765500365045	102.0765500365045	2.3331642237628255e-28
102.50415127071604	102.50415127071604	2.362641690066871e-28
102.93291098275304	102.93291098275304	2.392447126533928e-28
103.36282494515879	103.36282494515879	2.422583292836198e-28
103.79388891909588	103.79388891909588	2.453052960240476e-28
104.2260986543882	104.2260986543882	2.4838589115209663e-28
104.65944988956265	104.65944988956265	2.5150039408701714e-28
105.09393835189132	105.09393835189132	2.5464908538091796e-28
105.52955975743347	105.52955975743347	2.5783224670947493e-28
105.96630981107789	105.96630981107789	2.6105016086263436e-28
106.4041842065852	106.4041842065852	2.64303111735032e-28
106.84317862663026	106.84317862663026	2.675913843163041e-28
107.28328874284485	107.28328874284485	2.709152646812262e-28
107.72451021586025	107.72451021586025	2.7427503997966926e-28
108.16683869535005	108.16683869535005	2.7767099842643695e-28
108.61026982007306	108.61026982007306	2.811034292908436e-28
109.05479921791631	109.05479921791631	2.845726228862347e-28
109.50042250593815	109.50042250593815	2.880788705592683e-28
109.94713529041144	109.94713529041144	2.916224646790807e-28
110.39493316686689	110.39493316686689	2.952036986262268e-28
110.84381172013654	110.84381172013654	2.9882286678151107e-28
111.2937665243972	111.2937665243972	3.0248026451462225e-28
111.74479314321417	111.74479314321417	3.061761881726313e-28
112.1968871295849	112.1968871295849	3.0991093506826135e-28
112.65004402598291	112.65004402598291	3.136848034680775e-28
113.10425936440166	113.10425936440166	3.1749809258044365e-28
113.55952866639875	113.55952866639875	3.2135110254334828e-28
114.01584744313988	114.01584744313988	3.2524413441203863e-28
114.47321119544327	114.47321119544327	3.29177490146546e-28
114.93161541382395	114.93161541382395	3.3315147259894396e-28
115.39105557853819	115.39105557853819	3.371663855005802e-28
115.85152715962815	115.85152715962815	3.4122253344898423e-28
116.31302561696647	116.31302561696647	3.45320221894797e-28
116.77554640030111	116.77554640030111	3.4945975712832377e-28
117.2390849493001	117.2390849493001	3.5364144626610417e-28
117.70363669359662	117.70363669359662	3.5786559723723907e-28
118.16919705283398	118.16919705283398	3.6213251876956103e-28
118.63576143671087	118.63576143671087	3.664425203756143e-28
119.10332524502651	119.10332524502651	3.707959123385509e-28
119.57188386772606	119.57188386772606	3.75193005697778e-28
120.04143268494612	120.04143268494612	3.7963411223450307e-28
120.51196706706018	120.51196706706018	3.841195444570623e-28
120.98348237472439	120.98348237472439	3.886496155861934e-28
121.45597395892317	121.45597395892317	3.932246395399916e-28
121.92943716101513	121.92943716101513	3.9784493091881634e-28
122.40386731277903	122.40386731277903	4.0251080499004966e-28
122.87925973645969	122.87925973645969	4.07222577672598e-28
123.35560974481425	123.35560974481425	4.1198056552134485e-28
123.83291264115826	123.83291264115826	4.1678508571134575e-28
124.31116371941212	124.31116371941212	4.216364560219375e-28
124.79035826414734	124.79035826414734	4.265349948206827e-28
125.27049155063317	125.27049155063317	4.314810210470917e-28
125.75155884488301	125.75155884488301	4.364748541962586e-28
126.23355540370133	126.23355540370133	4.4151681430237625e-28
126.71647647473016	126.71647647473016	4.466072219219125e-28
127.2003172964962	127.2003172964962	4.517463981168812e-28
127.6850730984576	127.6850730984576	4.5693466443776225e-28
128.170739101051	128.170739101051	4.621723429063626e-28
128.65731051573886	128.65731051573886	4.674597559985241e-28
129.14478254505627	129.14478254505627	4.727972266266221e-28
129.63315038265878	129.63315038265878	4.781850781219778e-28
130.1224092133693	130.1224092133693	4.836236342170659e-28
130.61255421322588	130.61255421322588	4.891132190276309e-28
131.10358054952914	131.10358054952914	4.946541570345947e-28
131.59548338088996	131.59548338088996	5.002467730658531e-28
132.0882578572773	132.0882578572773	5.058913922779257e-28
132.58189912006577	132.58189912006577	5.115883401374113e-28
133.07640230208378	133.07640230208378	5.173379424023768e-28
133.57176252766152	133.57176252766152	5.231405251035024e-28
134.06797491267878	134.06797491267878	5.289964145252436e-28
134.56503456461348	134.56503456461348	5.349059371866124e-28
135.06293658258963	135.06293658258963	5.408694198220171e-28
135.56167605742564	135.56167605742564	5.4688718936190085e-28
136.061248071683	136.061248071683	5.529595729131977e-28
136.56164769971446	136.56164769971446	5.590868977396789e-28
137.06287000771272	137.06287000771272	5.652694912422021e-28
137.56491005375912	137.56491005375912	5.715076809387443e-28
138.0677628878723	138.0677628878723	5.778017944443472e-28
138.571423552057	138.571423552057	5.841521594509162e-28
139.07588708035308	139.07588708035308	5.905591037068581e-28
139.58114849888423	139.58114849888423	5.970229549966703e-28
140.08720282590718	140.08720282590718	6.035440411202645e-28
140.59404507186093	140.59404507186093	6.101226898723239e-28
141.10167023941563	141.10167023941563	6.167592290213128e-28
141.61007332352213	141.61007332352213	6.234539862886096e-28
142.1192493114612	142.1192493114612	6.302072893272429e-28
142.629193182893	142.629193182893	6.370194657007842e-28
143.13989990990657	143.13989990990657	6.438908428619206e-28
143.6513644570694	143.6513644570694	6.508217481308412e-28
144.16358178147698	144.16358178147698	6.578125086737831e-28
144.67654683280276	144.67654683280276	6.648634514811705e-28
145.1902545533477	145.1902545533477	6.7197490334579045e-28
145.7046998780903	145.7046998780903	6.791471908407621e-28
146.21987773473649	146.21987773473649	6.863806402974401e-28
146.73578304376946	146.73578304376946	6.936755777832312e-28
147.2524107185002	147.2524107185002	7.010323290792015e-28
147.7697556651171	147.7697556651171	7.084512196576005e-28
148.2878127827366	148.2878127827366	7.159325746593447e-28
148.80657696345332	148.80657696345332	7.234767188712586e-28
149.32604309239028	149.32604309239028	7.310839767033631e-28
149.84620604774966	149.84620604774966	7.3875467216587135e-28
150.367060700863	150.367060700863	7.464891288462711e-28
150.88860191624192	150.88860191624192	7.542876698860751e-28
151.4108245516287	151.4108245516287	7.6215061795775105e-28
151.93372345804707	151.93372345804707	7.700782952412472e-28
152.45729347985284	152.45729347985284	7.78071023400614e-28
152.98152945478478	152.98152945478478	7.861291235604692e-28
153.5064262140156	153.5064262140156	7.942529162822978e-28
154.03197858220284	154.03197858220284	8.02442721540885e-28
154.55818137753988	154.55818137753988	8.10698858700216e-28
155.08502941180708	155.08502941180708	8.190216464897662e-28
155.61251749042293	155.61251749042293	8.274114029803786e-28
156.1406404124952	156.1406404124952	8.35868445560155e-28
156.66939297087234	156.66939297087234	8.443930909102585e-28
157.1987699521947	157.1987699521947	8.529856549806191e-28
157.7287661369461	157.7287661369461	8.616464529654867e-28
158.25937629950494	158.25937629950494	8.70375799279125e-28
158.79059520819624	158.79059520819624	8.791740075309708e-28
159.32241762534275	159.32241762534275	8.880413905012663e-28
159.85483830731687	159.85483830731687	8.969782601161751e-28
160.38785200459222	160.38785200459222	9.059849274230982e-28
160.92145346179552	160.92145346179552	9.150617025655572e-28
161.45563741775828	161.45563741775828	9.242088947585766e-28
161.9903986055687	161.9903986055687	9.334268122633541e-28
162.52573175262376	162.52573175262376	9.427157623622797e-28
163.06163158068085	163.06163158068085	9.520760513337498e-28
163.59809280591026	163.59809280591026	9.61507984426909e-28
164.13511013894689	164.13511013894689	9.710118658363473e-28
164.6726782849427	164.6726782849427	9.80587998676632e-28
165.2107919436187	165.2107919436187	9.90236684956936e-28
165.74944580931725	165.74944580931725	9.999582255555505e-28
166.28863457105453	166.28863457105453	1.0097529201942084e-27
166.82835291257268	166.82835291257268	1.0196210674125299e-27
167.3685955123924	167.3685955123924	1.0295629645422832e-27
167.9093570438653	167.9093570438653	1.0395789076816494e-27
168.45063217522647	168.45063217522647	1.049669191669435e-27
168.99241556964702	168.99241556964702	1.0598341100592084e-27
169.53470188528678	169.53470188528678	1.0700739550933368e-27
170.07748577534687	170.07748577534687	1.0803890176771344e-27
170.62076188812244	170.62076188812244	1.0907795873527494e-27
171.16452486705552	171.16452486705552	1.1012459522731449e-27
171.70876935078766	171.70876935078766	1.1117883991761224e-27
172.25348997321302	172.25348997321302	1.122407213357968e-27
172.79868136353116	172.79868136353116	1.1331026786474645e-27
173.34433814629983	173.34433814629983	1.1438750773796639e-27
173.89045494148831	173.89045494148831	1.154724690369485e-27
174.4370263645302	174.4370263645302	1.1656517968855562e-27
174.98404702637663	174.98404702637663	1.176656674623924e-27
175.5315115335493	175.5315115335493	1.1877395996816632e-27
176.07941448819375	176.07941448819375	1.1989008465304932e-27
176.62775048813253	176.62775048813253	1.2101406879903782e-27
177.17651412691853	177.17651412691853	1.2214593952031153e-27
177.72569999388816	177.72569999388816	1.2328572376059686e-27
178.2753026742148	178.2753026742148	1.244334482905042e-27
178.82531674896217	178.82531674896217	1.2558913970488978e-27
179.37573679513775	179.37573679513775	1.2675282442020336e-27
179.92655738574626	179.92655738574626	1.279245286718462e-27
180.47777308984308	180.47777308984308	1.2910427851150445e-27
181.02937847258804	181.02937847258804	1.3029209980449257e-27
181.58136809529867	181.58136809529867	1.3148801822711709e-27
182.13373651550407	182.13373651550407	1.3269205926400878e-27
182.68647828699855	182.68647828699855	1.3390424820546455e-27
183.23958795989515	183.23958795989515	1.3512461014480432e-27
183.79306008067962	183.79306008067962	1.3635316997570249e-27
184.34688919226403	184.34688919226403	1.3758995238953607e-27
184.90106983404056	184.90106983404056	1.3883498187273195e-27
185.45559654193545	185.45559654193545	1.4008828270410715e-27
186.01046384846285	186.01046384846285	1.41349878952226e-27
186.5656662827786	186.5656662827786	1.4261979447273237e-27
187.12119837073442	187.12119837073442	1.4389805290570577e-27
187.6770546349316	187.6770546349316	1.4518467767300963e-27
188.23322959477514	188.23322959477514	1.4647969197565274e-27
188.78971776652787	188.78971776652787	1.4778311879111813e-27
189.3465136633644	189.3465136633644	1.490949808707455e-27
189.90361179542518	189.90361179542518	1.5041530073706868e-27
190.46100666987087	190.46100666987087	1.5174410068118615e-27
191.01869279093611	191.01869279093611	1.5308140276012412e-27
191.57666465998412	191.57666465998412	1.5442722879419598e-27
192.1349167755606	192.1349167755606	1.5578160036437193e-27
192.69344363344814	192.69344363344814	1.5714453880965908e-27
193.25223972672046	193.25223972672046	1.5851606522446817e-27
193.81129954579663	193.81129954579663	1.5989620045599193e-27
194.37061757849554	194.37061757849554	1.6128496510160285e-27
194.93018831009007	194.93018831009007	1.6268237950621916e-27
195.49000622336163	195.49000622336163	1.640884637597121e-27
196.05006579865443	196.05006579865443	1.6550323769430806e-27
196.61036151393	196.61036151393	1.6692672088196062e-27
197.17088784482158	197.17088784482158	1.6835893263179325e-27
197.73163926468857	197.73163926468857	1.697998919874825e-27
198.2926102446711	198.2926102446711	1.712496177246978e-27
198.85379525374444	198.85379525374444	1.7270812834850838e-27
199.41518875877367	199.41518875877367	1.7417544209081252e-27
199.9767852245681	199.9767852245681	1.7565157690777996e-27
200.53857911393587	200.53857911393587	1.7713655047729585e-27
201.10056488773864	201.10056488773864	1.786303801964026e-27
201.66273700494614	201.66273700494614	1.80133083178737e-27
202.22508992269076	202.22508992269076	1.8164467625203465e-27
202.78761809632226	202.78761809632226	1.8316517595555206e-27
203.35031597946244	203.35031597946244	1.8469459853758478e-27
203.91317802405976	203.91317802405976	1.8623295995290744e-27
204.47619868044418	204.47619868044418	1.8778027586031613e-27
205.03937239738175	205.03937239738175	1.893365616200773e-27
205.6026936221293	205.6026936221293	1.90901832291465e-27
206.1661568004894	206.1661568004894	1.9247610263028512e-27
206.72975637686494	206.72975637686494	1.9405938708637736e-27
207.29348679431394	207.29348679431394	1.9565169980115382e-27
207.85734249460438	207.85734249460438	1.972530546051637e-27
208.42131791826904	208.42131791826904	1.9886346501561818e-27
208.98540750466015	208.98540750466015	2.004829442339697e-27
209.54960569200438	209.54960569200438	2.021115051434936e-27
210.11390691745768	210.11390691745768	2.0374916030682987e-27
210.67830561716	210.67830561716	2.0539592196362984e-27
211.2427962262902	211.2427962262902	2.0705180202811237e-27
211.80737317912102	211.80737317912102	2.087168120867115e-27
212.3720309090738	212.3720309090738	2.103909633956853e-27
212.9367638487735	212.9367638487735	2.120742668787504e-27
213.50156643010348	213.50156643010348	2.137667331247268e-27
214.0664330842605	214.0664330842605	2.154683723852187e-27
214.6313582418095	214.6313582418095	2.1717919457225182e-27
215.1963363327387	215.1963363327387	2.1889920925598234e-27
215.7613617865143	215.7613617865143	2.206284256623777e-27
216.32642903213562	216.32642903213562	2.2236685267092868e-27
216.89153249818986	216.89153249818986	2.2411449881237647e-27
217.45666661290707	217.45666661290707	2.258713722664065e-27
218.0218258042152	218.0218258042152	2.2763748085947006e-27
218.58700449979494	218.58700449979494	2.2941283206245418e-27
219.15219712713454	219.15219712713454	2.3119743298852156e-27
219.71739811358503	219.71739811358503	2.329912903908725e-27
220.28260188641497	220.28260188641497	2.347944106605189e-27
220.84780287286546	220.84780287286546	2.3660679982415403e-27
221.41299550020508	221.41299550020508	2.3842846354193472e-27
221.97817419578476	221.97817419578476	2.402594071053371e-27
222.54333338709293	222.54333338709293	2.420996354350181e-27
223.10846750181017	223.10846750181017	2.4394915307868376e-27
223.67357096786438	223.67357096786438	2.458079642089968e-27
224.23863821348567	224.23863821348567	2.4767607262143042e-27
224.8036636672613	224.8036636672613	2.4955348173223722e-27
225.3686417581905	225.3686417581905	2.5144019457636472e-27
225.9335669157395	225.9335669157395	2.533362138053971e-27
226.49843356989652	226.49843356989652	2.5524154168552676e-27
227.06323615122648	227.06323615122648	2.571561800955601e-27
227.6279690909262	227.6279690909262	2.5908013052486874e-27
228.19262682087898	228.19262682087898	2.6101339407143904e-27
228.7572037737098	228.7572037737098	2.6295597143991808e-27
229.32169438284	229.32169438284	2.649078629396166e-27
229.88609308254235	229.88609308254235	2.668690684826263e-27
230.45039430799562	230.45039430799562	2.6883958758186898e-27
231.01459249533985	231.01459249533985	2.708194193492238e-27
231.57868208173096	231.57868208173096	2.7280856249363065e-27
232.14265750539562	232.14265750539562	2.7480701531923917e-27
232.70651320568606	232.70651320568606	2.7681477572355448e-27
233.27024362313506	233.27024362313506	2.788318411956348e-27
233.8338431995106	233.8338431995106	2.808582088142787e-27
234.3973063778707	234.3973063778707	2.828938752462037e-27
234.96062760261827	234.96062760261827	2.849388367443364e-27
235.52380131955582	235.52380131955582	2.869930891460219e-27
236.0868219759402	236.0868219759402	2.890566278713121e-27
236.64968402053756	236.64968402053756	2.9112944792126152e-27
237.21238190367774	237.21238190367774	2.932115438762227e-27
237.77491007730924	237.77491007730924	2.9530290989418187e-27
238.3372629950539	238.3372629950539	2.974035397091361e-27
238.89943511226136	238.89943511226136	2.9951342662941364e-27
239.46142088606416	239.46142088606416	3.0163256353612405e-27
240.0232147754319	240.0232147754319	3.037609428815219e-27
240.58481124122636	240.58481124122636	3.0589855668747107e-27
241.14620474625556	241.14620474625556	3.080453965438886e-27
241.70738975532893	241.70738975532893	3.1020145360724436e-27
242.26836073531146	242.26836073531146	3.1236671859899234e-27
242.82911215517842	242.82911215517842	3.145411818041888e-27
243.38963848607	243.38963848607	3.167248330699584e-27
243.94993420134557	243.94993420134557	3.1891766180407226e-27
244.5099937766384	244.5099937766384	3.2111965697356346e-27
245.06981168990993	245.06981168990993	3.233308071033083e-27
245.62938242150446	245.62938242150446	3.255511002746628e-27
246.18870045420334	246.18870045420334	3.2778052412411694e-27
246.74776027327954	246.74776027327954	3.300190658419718e-27
247.30655636655186	247.30655636655186	3.32266712171043e-27
247.8650832244394	247.8650832244394	3.3452344940538616e-27
248.42333534001588	248.42333534001588	3.367892633890132e-27
248.98130720906389	248.98130720906389	3.390641395147195e-27
249.53899333012913	249.53899333012913	3.413480627228105e-27
250.09638820457482	250.09638820457482	3.4364101749997315e-27
250.6534863366356	250.6534863366356	3.459429878780785e-27
251.21028223347213	251.21028223347213	3.4825395743309e-27
251.76677040522486	251.76677040522486	3.505739092838851e-27
252.32294536506842	252.32294536506842	3.529028260912486e-27
252.87880162926558	252.87880162926558	3.552406900567658e-27
253.4343337172214	253.4343337172214	3.575874829217855e-27
253.98953615153718	253.98953615153718	3.599431859664075e-27
254.54440345806455	254.54440345806455	3.623077800085283e-27
255.09893016595944	255.09893016595944	3.6468124540284495e-27
255.65311080773597	255.65311080773597	3.670635620399279e-27
256.20693991932035	256.20693991932035	3.694547093453169e-27
256.7604120401048	256.7604120401048	3.718546662786329e-27
257.3135217130015	257.3135217130015	3.742634113327192e-27
257.8662634844959	257.8662634844959	3.766809225327943e-27
258.41863190470133	258.41863190470133	3.791071774356857e-27
258.97062152741194	258.97062152741194	3.815421531289941e-27
259.5222269101569	259.5222269101569	3.839858262303702e-27
260.07344261425374	260.07344261425374	3.864381728867843e-27
260.62426320486225	260.62426320486225	3.888991687738308e-27
261.17468325103783	261.17468325103783	3.913687890950161e-27
261.7246973257852	261.7246973257852	3.9384700858117796e-27
262.27430000611184	262.27430000611184	3.963338014897928e-27
262.8234858730815	262.8234858730815	3.988291416044222e-27
263.3722495118675	263.3722495118675	4.013330022341249e-27
263.9205855118063	263.9205855118063	4.038453562129525e-27
264.4684884664507	264.4684884664507	4.063661758993879e-27
265.01595297362337	265.01595297362337	4.08895433175902e-27
265.5629736354698	265.5629736354698	4.114330994484651e-27
266.1095450585117	266.1095450585117	4.139791456461392e-27
266.65566185370017	266.65566185370017	4.16533542220669e-27
267.20131863646884	267.20131863646884	4.190962591461021e-27
267.74651002678695	267.74651002678695	4.2166726591844915e-27
268.29123064921237	268.29123064921237	4.242465315553694e-27
268.83547513294445	268.83547513294445	4.268340245958751e-27
269.37923811187756	269.37923811187756	4.294297131000638e-27
269.9225142246531	269.9225142246531	4.320335646489102e-27
270.4652981147132	270.4652981147132	4.346455463440322e-27
271.00758443035295	271.00758443035295	4.372656248075396e-27
271.5493678247735	271.5493678247735	4.398937661818791e-27
272.09064295613473	272.09064295613473	4.42529936129711e-27
272.6314044876076	272.6314044876076	4.451740998338127e-27
273.1716470874273	273.1716470874273	4.478262219970513e-27
273.7113654289455	273.7113654289455	4.504862668423121e-27
274.25055419068275	274.25055419068275	4.531541981125278e-27
274.7892080563813	274.7892080563813	4.55829979070695e-27
275.32732171505734	275.32732171505734	4.5851357249993635e-27
275.86488986105314	275.86488986105314	4.6120494070355944e-27
276.40190719408974	276.40190719408974	4.639040455052258e-27
276.9383684193192	276.9383684193192	4.6661084824903806e-27
277.47426824737624	277.47426824737624	4.6932530979974175e-27
278.00960139443134	278.00960139443134	4.7204739054295765e-27
278.5443625822417	278.5443625822417	4.747770503853563e-27
279.0785465382045	279.0785465382045	4.7751424875496e-27
279.6121479954078	279.6121479954078	4.802589446014531e-27
280.14516169268313	280.14516169268313	4.8301109639647e-27
280.6775823746573	280.6775823746573	4.8577066213394746e-27
281.20940479180376	281.20940479180376	4.8853759933054e-27
281.740623700495	281.740623700495	4.9131186502599394e-27
282.2712338630539	282.2712338630539	4.940934157836561e-27
282.8012300478053	282.8012300478053	4.9688220769088194e-27
283.3306070291277	283.3306070291277	4.9967819635955116e-27
283.85935958750474	283.85935958750474	5.0248133692663056e-27
284.38748250957707	284.38748250957707	5.052915840547292e-27
284.91497058819294	284.91497058819294	5.081088919326833e-27
285.4418186224601	285.4418186224601	5.109332142761716e-27
285.96802141779716	285.96802141779716	5.137645043284113e-27
286.4935737859844	286.4935737859844	5.1660271486080625e-27
287.0184705452152	287.0184705452152	5.194477981736955e-27
287.54270652014714	287.54270652014714	5.2229970609705914e-27
288.0662765419529	288.0662765419529	5.2515838999133534e-27
288.5891754483713	288.5891754483713	5.280238007482219e-27
289.1113980837581	289.1113980837581	5.3089588879145774e-27
289.632939299137	289.632939299137	5.337746040778309e-27
290.15379395225034	290.15379395225034	5.366598960979371e-27
290.67395690760975	290.67395690760975	5.3955171387718046e-27
291.1934230365467	291.1934230365467	5.424500059766739e-27
291.71218721726336	291.71218721726336	5.453547204943346e-27
292.2302443348829	292.2302443348829	5.482658050658579e-27
292.7475892814998	292.7475892814998	5.5118320686571374e-27
293.26421695623054	293.26421695623054	5.541068726082951e-27
293.7801222652635	293.7801222652635	5.57036748549056e-27
294.2953001219097	294.2953001219097	5.599727804855853e-27
294.8097454466523	294.8097454466523	5.6291491375880206e-27
295.3234531671972	295.3234531671972	5.658630932542325e-27
295.836418218523	295.836418218523	5.6881726340314664e-27
296.3486355429306	296.3486355429306	5.717773681839065e-27
296.8601000900934	296.8601000900934	5.747433511232013e-27
297.370806817107	297.370806817107	5.777151552974256e-27
297.8807506885388	297.8807506885388	5.806927233340424e-27
298.38992667647784	298.38992667647784	5.836759974129092e-27
298.8983297605844	298.8983297605844	5.866649192677729e-27
299.40595492813907	299.40595492813907	5.896594301876886e-27
299.9127971740928	299.9127971740928	5.92659471018521e-27
300.41885150111574	300.41885150111574	5.956649821644268e-27
300.9241129196469	300.9241129196469	5.9867590358940065e-27
301.428576447943	301.428576447943	6.016921748189076e-27
301.93223711212767	301.93223711212767	6.04713734941397e-27
302.43508994624085	302.43508994624085	6.0774052261001746e-27
302.9371299922873	302.9371299922873	6.1077247604419026e-27
303.43835230028554	303.43835230028554	6.13809533031463e-27
303.938751928317	303.938751928317	6.1685163092901726e-27
304.43832394257436	304.43832394257436	6.198987066656471e-27
304.93706341741034	304.93706341741034	6.229506967433623e-27
305.4349654353865	305.4349654353865	6.260075372393144e-27
305.9320250873212	305.9320250873212	6.290691638075932e-27
306.4282374723385	306.4282374723385	6.3213551168113965e-27
306.92359769791625	306.92359769791625	6.35206515673599e-27
307.41810087993423	307.41810087993423	6.3828211018131395e-27
307.9117421427227	307.9117421427227	6.413622291852688e-27
308.40451661911004	308.40451661911004	6.444468062530559e-27
308.8964194504709	308.8964194504709	6.475357745409258e-27
309.3874457867741	309.3874457867741	6.506290667958407e-27
309.87759078663066	309.87759078663066	6.537266153575861e-27
310.3668496173412	310.3668496173412	6.56828352160822e-27
310.8552174549437	310.8552174549437	6.599342087372519e-27
311.34268948426114	311.34268948426114	6.630441162178564e-27
311.829260898949	311.829260898949	6.661580053349846e-27
312.31492690154244	312.31492690154244	6.692758064246635e-27
312.7996827035038	312.7996827035038	6.723974494288337e-27
313.28352352526986	313.28352352526986	6.755228638976047e-27
313.76644459629864	313.76644459629864	6.786519789916655e-27
314.248441155117	314.248441155117	6.817847234845514e-27
314.7295084493668	314.7295084493668	6.849210257649847e-27
315.20964173585264	315.20964173585264	6.880608138393978e-27
315.68883628058785	315.68883628058785	6.912040153342695e-27
316.16708735884174	316.16708735884174	6.943505574986082e-27
316.6443902551857	316.6443902551857	6.975003672064653e-27
317.1207402635403	317.1207402635403	7.006533709594147e-27
317.596132687221	317.596132687221	7.03809494889116e-27
318.07056283898487	318.07056283898487	7.069686647598941e-27
318.54402604107685	318.54402604107685	7.101308059713472e-27
319.0165176252756	319.0165176252756	7.132958435609088e-27
319.4880329329398	319.4880329329398	7.164637022066082e-27
319.9585673150539	319.9585673150539	7.196343062296605e-27
320.42811613227394	320.42811613227394	7.228075795972628e-27
320.8966747549735	320.8966747549735	7.259834459252201e-27
321.3642385632892	321.3642385632892	7.291618284808475e-27
321.830802947166	321.830802947166	7.323426501856285e-27
322.2963633064034	322.2963633064034	7.355258336181307e-27
322.7609150506999	322.7609150506999	7.387113010168094e-27
323.2244535996989	323.2244535996989	7.418989742828948e-27
323.6869743830335	323.6869743830335	7.450887749832746e-27
324.1484728403719	324.1484728403719	7.482806243534009e-27
324.6089444214618	324.6089444214618	7.514744433003476e-27
325.0683845861761	325.0683845861761	7.54670152405609e-27
325.52678880455676	325.52678880455676	7.578676719282506e-27
325.9841525568601	325.9841525568601	7.610669218079284e-27
326.44047133360124	326.44047133360124	7.642678216678341e-27
326.8957406355983	326.8957406355983	7.674702908178787e-27
327.3499559740171	327.3499559740171	7.706742482577692e-27
327.8031128704151	327.8031128704151	7.738796126801164e-27
328.25520685678583	328.25520685678583	7.770863024736491e-27
328.7062334756028	328.7062334756028	7.802942357262816e-27
329.15618827986344	329.15618827986344	7.835033302284518e-27
329.6050668331331	329.6050668331331	7.867135034763091e-27
330.05286470958856	330.05286470958856	7.899246726748468e-27
330.49957749406184	330.49957749406184	7.931367547414175e-27
330.9452007820837	330.9452007820837	7.963496663087653e-27
331.3897301799269	331.3897301799269	7.995633237285907e-27
331.83316130464993	331.83316130464993	8.027776430747435e-27
332.2754897841398	332.2754897841398	8.059925401466586e-27
332.71671125715517	332.71671125715517	8.09207930472744e-27
333.1568213733697	333.1568213733697	8.124237293137835e-27
333.5958157934148	333.5958157934148	8.15639851666445e-27
334.0336901889221	334.0336901889221	8.188562122666315e-27
334.4704402425665	334.4704402425665	8.220727255930422e-27
334.9060616481087	334.9060616481087	8.252893058707206e-27
335.34055011043733	335.34055011043733	8.28505867074476e-27
335.7739013456118	335.7739013456118	8.317223229325296e-27
336.2061110809041	336.2061110809041	8.349385869300776e-27
336.6371750548412	336.6371750548412	8.381545723128483e-27
337.067089017247	337.067089017247	8.413701920907506e-27
337.495848729284	337.495848729284	8.445853590415267e-27
337.9234499634955	337.9234499634955	8.477999857143549e-27
338.34988850384707	338.34988850384707	8.510139844336148e-27
338.77516014576815	338.77516014576815	8.542272673025569e-27
339.19926069619333	339.19926069619333	8.574397462069573e-27
339.622185973604	339.622185973604	8.606513328190235e-27
340.0439318080694	340.0439318080694	8.638619386009621e-27
340.4644940412877	340.4644940412877	8.670714748088992e-27
340.88386852662717	340.88386852662717	8.702798524966628e-27
341.3020511291668	341.3020511291668	8.734869825195088e-27
341.71903772573745	341.71903772573745	8.766927755381702e-27
342.13482420496206	342.13482420496206	8.798971420224627e-27
342.5494064672966	342.5494064672966	8.830999922553337e-27
342.96278042507015	342.96278042507015	8.863012363367363e-27
343.37494200252536	343.37494200252536	8.895007841875118e-27
343.7858871358587	343.7858871358587	8.926985455533054e-27
344.1956117732605	344.1956117732605	8.958944300086351e-27
344.6041118749547	344.6041118749547	8.990883469606458e-27
345.01138341323895	345.01138341323895	9.022802056533102e-27
345.4174223725242	345.4174223725242	9.054699151713856e-27
345.82222474937424	345.82222474937424	9.086573844443269e-27
346.22578655254534	346.22578655254534	9.118425222504299e-27
346.62810380302534	346.62810380302534	9.150252372208584e-27
347.02917253407315	347.02917253407315	9.182054378436463e-27
347.4289887912578	347.4289887912578	9.213830324679928e-27
347.82754863249727	347.82754863249727	9.245579293080703e-27
348.2248481280975	348.2248481280975	9.27730036447356e-27
348.6208833607911	348.6208833607911	9.308992618427194e-27
349.0156504257759	349.0156504257759	9.340655133285268e-27
349.4091454307538	349.4091454307538	9.372286986208434e-27
349.8013644959686	349.8013644959686	9.403887253216165e-27
350.19230375424456	350.19230375424456	9.43545500922782e-27
350.5819593510245	350.5819593510245	9.466989328106088e-27
350.97032744440804	350.97032744440804	9.498489282698211e-27
351.35740420518897	351.35740420518897	9.529953944878972e-27
351.74318581689323	351.74318581689323	9.561382385592194e-27
352.12766847581685	352.12766847581685	9.59277367489399e-27
352.510848391063	352.510848391063	9.624126881996063e-27
352.8927217845796	352.8927217845796	9.655441075307135e-27
353.2732848911965	353.2732848911965	9.686715322477262e-27
353.6525339586628	353.6525339586628	9.717948690440199e-27
354.03046524768337	354.03046524768337	9.749140245457061e-27
354.40707503195637	354.40707503195637	9.780289053158591e-27
354.7823595982093	354.7823595982093	9.811394178590354e-27
355.1563152462362	355.1563152462362	9.842454686254763e-27
355.52893828893383	355.52893828893383	9.87346964015567e-27
355.9002250523381	355.9002250523381	9.904438103841198e-27
356.27017187566014	356.27017187566014	9.935359140448934e-27
356.63877511132273	356.63877511132273	9.966231812748377e-27
357.00603112499607	357.00603112499607	9.997055183186562e-27
357.3719362956333	357.3719362956333	1.0027828313930426e-26
357.7364870155069	357.7364870155069	1.0058550266913055e-26
358.0996796902436	358.0996796902436	1.0089220103876182e-26
358.46151073886034	358.46151073886034	1.0119836886415773e-26
358.8219765937991	358.8219765937991	1.0150399676026405e-26
359.18107370096243	359.18107370096243	1.0180907534145429e-26
359.5387985197483	359.5387985197483	1.0211359522197438e-26
359.89514752308514	359.89514752308514	1.0241754701640044e-26
360.2501171974666	360.2501171974666	1.027209213400751e-26
360.60370404298595	360.60370404298595	1.0302370880956478e-26
360.95590457337096	360.95590457337096	1.0332590004310753e-26
361.30671531601814	361.30671531601814	1.0362748566105595e-26
361.6561328120268	361.6561328120268	1.0392845628633658e-26
362.0041536162333	362.0041536162333	1.0422880254490136e-26
362.3507742972451	362.3507742972451	1.0452851506617027e-26
362.6959914374744	362.6959914374744	1.0482758448349062e-26
363.03980163317203	363.03980163317203	1.0512600143459026e-26
363.3822014944609	363.3822014944609	1.0542375656203327e-26
363.7231876453694	363.7231876453694	1.0572084051366515e-26
364.06275672386477	364.06275672386477	1.0601724394307045e-26
364.40090538188616	364.40090538188616	1.0631295751003274e-26
364.73763028537775	364.73763028537775	1.066079718809835e-26
365.0729281143215	365.0729281143215	1.0690227772945854e-26
365.40679556277007	365.40679556277007	1.0719586573655418e-26
365.739229338879	365.739229338879	1.0748872659139114e-26
366.0702261649398	366.0702261649398	1.077808509915487e-26
366.3997827774118	366.3997827774118	1.0807222964354734e-26
366.7278959269544	366.7278959269544	1.0836285326328407e-26
367.05456237845914	367.05456237845914	1.0865271257650433e-26
367.3797789110817	367.3797789110817	1.0894179831924788e-26
367.70354231827355	367.70354231827355	1.0923010123831112e-26
368.02584940781355	368.02584940781355	1.0951761209170702e-26
368.3466970018396	368.3466970018396	1.0980432164910874e-26
368.66608193687966	368.66608193687966	1.1009022069232473e-26
368.9840010638832	368.9840010638832	1.1037530001574074e-26
369.3004512482523	369.3004512482523	1.1065955042679054e-26
369.61542936987206	369.61542936987206	1.1094296274638834e-26
369.9289323231421	369.9289323231421	1.1122552780942616e-26
370.2409570170066	370.2409570170066	1.1150723646518246e-26
370.5515003749851	370.5515003749851	1.1178807957781889e-26
370.8605593352026	370.8605593352026	1.1206804802681109e-26
371.16813085042	371.16813085042	1.1234713270741888e-26
371.47421188806396	371.47421188806396	1.1262532453113134e-26
371.7787994302568	371.7787994302568	1.1290261442613464e-26
372.08189047384633	372.08189047384633	1.1317899333775155e-26
372.38348203043546	372.38348203043546	1.1345445222891209e-26
372.6835711264117	372.6835711264117	1.13728982080598e-26
372.98215480297625	372.98215480297625	1.1400257389229927e-26
373.27923011617355	373.27923011617355	1.1427521868246922e-26
373.57479413692	373.57479413692	1.1454690748897435e-26
373.86884395103283	373.86884395103283	1.14817631369553e-26
374.1613766592592	374.1613766592592	1.1508738140225874e-26
374.4523893773043	374.4523893773043	1.153561486859222e-26
374.74187923586027	374.74187923586027	1.1562392434059196e-26
375.0298433806339	375.0298433806339	1.1589069950799392e-26
375.31627897237536	375.31627897237536	1.1615646535197467e-26
375.6011831869059	375.6011831869059	1.1642121305895399e-26
375.88455321514573	375.88455321514573	1.1668493383837312e-26
376.1663862631417	376.1663862631417	1.1694761892313902e-26
376.4466795520949	376.4466795520949	1.1720925957008125e-26
376.725430318388	376.725430318388	1.1746984706038012e-26
377.00263581361264	377.00263581361264	1.1772937270003343e-26
377.2782933045963	377.2782933045963	1.1798782782028663e-26
377.55240007342934	377.55240007342934	1.182452037780773e-26
377.8249534174921	377.8249534174921	1.1850149195648816e-26
378.095950649481	378.095950649481	1.1875668376518069e-26
378.36538909743524	378.36538909743524	1.1901077064082916e-26
378.63326610476355	378.63326610476355	1.1926374404758259e-26
378.8995790302699	378.8995790302699	1.1951559547748078e-26
379.16432524817947	379.16432524817947	1.1976631645090275e-26
379.4275021481651	379.4275021481651	1.2001589851700663e-26
379.68910713537247	379.68910713537247	1.202643332541576e-26
379.949137630446	379.949137630446	1.2051161227037073e-26
380.20759106955416	380.20759106955416	1.2075772720373317e-26
380.46446490441474	380.46446490441474	1.210026697228491e-26
380.71975660232005	380.71975660232005	1.2124643152726232e-26
380.97346364616186	380.97346364616186	1.2148900434789244e-26
381.22558353445606	381.22558353445606	1.2173037994745718e-26
381.47611378136776	381.47611378136776	1.2197055012090143e-26
381.7250519167352	381.7250519167352	1.222095066958275e-26
381.9723954860946	381.9723954860946	1.2244724153291445e-26
382.2181420507043	382.2181420507043	1.2268374652634614e-26
382.4622891875683	382.4622891875683	1.2291901360422921e-26
382.7048344894608	382.7048344894608	1.2315303472901393e-26
382.94577556494966	382.94577556494966	1.2338580189791288e-26
383.1851100384199	383.1851100384199	1.2361730714332901e-26
383.4228355500974	383.4228355500974	1.2384754253324846e-26
383.6589497560716	383.6589497560716	1.2407650017167944e-26
383.8934503283194	383.8934503283194	1.2430417219905346e-26
384.1263349547274	384.1263349547274	1.2453055079263009e-26
384.3576013391152	384.3576013391152	1.2475562816692585e-26
384.58724720125764	384.58724720125764	1.2497939657409967e-26
384.8152702769077	384.8152702769077	1.252018483043777e-26
385.0416683178184	385.0416683178184	1.254229756864494e-26
385.2664390917653	385.2664390917653	1.2564277108786897e-26
385.4895803825683	385.4895803825683	1.25861226915461e-26
385.7110899901137	385.7110899901137	1.2607833561571708e-26
385.9309657303756	385.9309657303756	1.2629408967519461e-26
386.1492054354376	386.1492054354376	1.265084816209108e-26
386.3658069535144	386.3658069535144	1.2672150402074113e-26
386.5807681489725	386.5807681489725	1.2693314948380428e-26
386.7940869023517	386.7940869023517	1.271434106608562e-26
387.0057611103859	387.0057611103859	1.2735228024468204e-26
387.21578868602353	387.21578868602353	1.2755975097046797e-26
387.42416755844874	387.42416755844874	1.2776581561620835e-26
387.6308956731011	387.6308956731011	1.2797046700306462e-26
387.8359709916965	387.8359709916965	1.281736979957577e-26
388.03939149224675	388.03939149224675	1.2837550150294947e-26
388.2411551690798	388.2411551690798	1.2857587047760821e-26
388.4412600328595	388.4412600328595	1.287747979173859e-26
388.639704110605	388.639704110605	1.2897227686499315e-26
388.8364854457106	388.8364854457106	1.2916830040856588e-26
389.0316020979646	389.0316020979646	1.2936286168203487e-26
389.22505214356863	389.22505214356863	1.2955595386548528e-26
389.41683367515685	389.41683367515685	1.2974757018553008e-26
389.60694480181417	389.60694480181417	1.2993770391565475e-26
389.7953836490956	389.7953836490956	1.3012634837659245e-26
389.98214835904406	389.98214835904406	1.3031349693666882e-26
390.16723709020926	390.16723709020926	1.304991430121595e-26
390.35064801766555	390.35064801766555	1.306832800676377e-26
390.5323793330299	390.5323793330299	1.3086590161632745e-26
390.71242924447984	390.71242924447984	1.3104700122045173e-26
390.89079597677124	390.89079597677124	1.3122657249157012e-26
391.0674777712555	391.0674777712555	1.3140460909091934e-26
391.2424728858971	391.2424728858971	1.315811047297649e-26
391.4157795952907	391.4157795952907	1.3175605316972503e-26
391.58739619067825	391.58739619067825	1.31929448223103e-26
391.7573209799658	391.7573209799658	1.3210128375323082e-26
391.9255522877401	391.9255522877401	1.3227155367478898e-26
392.09208845528525	392.09208845528525	1.3244025195413547e-26
392.2569278405988	392.2569278405988	1.326073726096326e-26
392.4200688184083	392.4200688184083	1.3277290971195654e-26
392.58150978018716	392.58150978018716	1.329368573844281e-26
392.74124913417035	392.74124913417035	1.330992098033289e-26
392.8992853053703	392.8992853053703	1.3325996119819608e-26
393.0556167355925	393.0556167355925	1.3341910585216263e-26
393.2102418834506	393.2102418834506	1.335766381022311e-26
393.3631592243816	393.3631592243816	1.3373255233961386e-26
393.5143672506614	393.5143672506614	1.3388684300999566e-26
393.66386447141895	393.66386447141895	1.3403950461386985e-26
393.8116494126515	393.8116494126515	1.3419053170681506e-26
393.9577206172387	393.9577206172387	1.343399188997826e-26
394.1020766449575	394.1020766449575	1.3448766085941393e-26
394.24471607249563	394.24471607249563	1.346337523082928e-26
394.3856374934665	394.3856374934665	1.3477818802525878e-26
394.5248395184223	394.5248395184223	1.3492096284567897e-26
394.6623207748681	394.6623207748681	1.3506207166172103e-26
394.79807990727517	394.79807990727517	1.352015094226335e-26
394.9321155770947	394.9321155770947	1.3533927113503434e-26
395.0644264627706	395.0644264627706	1.3547535186314987e-26
395.19501125975273	395.19501125975273	1.356097467291088e-26
395.32386868050975	395.32386868050975	1.3574245091318883e-26
395.4509974545417	395.4509974545417	1.3587345965409048e-26
395.57639632839283	395.57639632839283	1.3600276824918534e-26
395.70006406566347	395.70006406566347	1.3613037205477885e-26
395.8219994470227	395.8219994470227	1.3625626648635213e-26
395.9422012702201	395.9422012702201	1.3638044701882078e-26
396.0606683500976	396.0606683500976	1.3650290918676876e-26
396.1773995186015	396.1773995186015	1.3662364858470875e-26
396.2923936247933	396.2923936247933	1.367426608672966e-26
396.4056495348618	396.4056495348618	1.3685994174958904e-26
396.5171661321341	396.5171661321341	1.3697548700726578e-26
396.62694231708593	396.62694231708593	1.370892924768593e-26
396.73497700735345	396.73497700735345	1.3720135405598154e-26
396.8412691377434	396.8412691377434	1.3731166770355498e-26
396.9458176602436	396.9458176602436	1.3742022944000904e-26
397.0486215440336	397.0486215440336	1.375270353475334e-26
397.1496797754944	397.1496797754944	1.3763208157025235e-26
397.24899135821875	397.24899135821875	1.3773536431446466e-26
397.3465553130209	397.3465553130209	1.3783687984883007e-26
397.4423706779463	397.4423706779463	1.3793662450457816e-26
397.53643650828104	397.53643650828104	1.380345946757217e-26
397.628751876561	397.628751876561	1.381307868192342e-26
397.7193158725814	397.7193158725814	1.3822519745524605e-26
397.8081276034053	397.8081276034053	1.3831782316723977e-26
397.89518619337287	397.89518619337287	1.3840866060224198e-26
397.9804907841096	397.9804907841096	1.3849770647099104e-26
398.06404053453497	398.06404053453497	1.3858495754812448e-26
398.14583462087097	398.14583462087097	1.3867041067236336e-26
398.22587223664965	398.22587223664965	1.3875406274666217e-26
398.3041525927216	398.3041525927216	1.3883591073839976e-26
398.38067491726355	398.38067491726355	1.3891595167953778e-26
398.45543845578595	398.45543845578595	1.3899418266677583e-26
398.52844247114035	398.52844247114035	1.3907060086172177e-26
398.5996862435269	398.5996862435269	1.391452034910366e-26
398.66916907050125	398.66916907050125	1.3921798784658824e-26
398.7368902669816	398.7368902669816	1.3928895128560587e-26
398.8028491652552	398.8028491652552	1.3935809123081889e-26
398.86704511498544	398.86704511498544	1.3942540517059718e-26
398.9294774832178	398.9294774832178	1.3949089065908742e-26
398.99014565438625	398.99014565438625	1.3955454531635082e-26
399.0490490303195	399.0490490303195	1.3961636682849657e-26
399.1061870302467	399.1061870302467	1.3967635294779306e-26
399.1615590908033	399.1615590908033	1.3973450149281268e-26
399.2151646660365	399.2151646660365	1.397908103485297e-26
399.2670032274109	399.2670032274109	1.398452774664481e-26
399.3170742638136	399.3170742638136	1.39897900864719e-26
399.3653772815593	399.3653772815593	1.3994867862823076e-26
399.411911804395	399.411911804395	1.399976089087352e-26
399.4566773735055	399.4566773735055	1.400446899249309e-26
399.4996735475172	399.4996735475172	1.4008991996256236e-26
399.5408999025031	399.5408999025031	1.401332973745414e-26
399.580356031987	399.580356031987	1.4017482058100042e-26
399.61804154694784	399.61804154694784	1.4021448806939126e-26
399.6539560758238	399.6539560758238	1.4025229839458073e-26
399.6880992645167	399.6880992645167	1.4028825017891814e-26
399.7204707763958	399.7204707763958	1.403223421123229e-26
399.7510702923026	399.7510702923026	1.403545729523376e-26
399.77989751055486	399.77989751055486	1.4038494152421223e-26
399.80695214695237	399.80695214695237	1.404134467209764e-26
399.8322339347826	399.8322339347826	1.4044008750348145e-26
399.8557426248286	399.8557426248286	1.4046486290049558e-26
399.87747798538015	399.87747798538015	1.404877720087211e-26
399.89743980224944	399.89743980224944	1.405088139929126e-26
399.9156278787983	399.9156278787983	1.4052798808589873e-26
399.93204203598475	399.93204203598475	1.405452935887039e-26
399.94668211245215	399.94668211245215	1.405607298706666e-26
399.95954796471415	399.95954796471415	1.4057429636966803e-26
399.97063946757464	399.97063946757464	1.405859925926049e-26
399.9799565152062	399.9799565152062	1.4059581811655297e-26
399.98749902439016	399.98749902439016	1.4060377259220863e-26
399.99326694670486	399.99326694670486	1.4060985575676187e-26
399.9972603339251	399.9972603339251	1.406140675028808e-26
399.99948003365364	399.99948003365364	1.4061640861242875e-26
